State,Year,Total Employed RN,Hourly Wage Avg,Annual Salary Avg,Location Quotient,Hourly-to-Annual Ratio
Alabama,2020,0.15843165373834822,28.96,60230.0,1.2,1.0001129005478997
Alaska,2020,0.019555439671468614,45.81,95270.0,0.98,1.000155347958434
Arizona,2020,0.18017078417313082,38.64,80380.0,0.91,0.9998905200298582
Arkansas,2020,0.08167655302783391,30.6,63640.0,1.0,1.0001257071024514
California,2020,1.0,57.96,120560.0,0.87,0.9999734571997346
Colorado,2020,0.16977380874780001,37.43,77860.0,0.95,0.999928076033907
Connecticut,2020,0.10807639658431653,40.79,84850.0,1.01,0.9999198585739539
Delaware,2020,0.036405710188384066,35.74,74330.0,1.25,1.000123772366474
District Of Columbia,2020,0.03285313864806727,43.29,90050.0,0.7,0.9999244863964464
Florida,2020,0.5960823935858158,33.42,69510.0,1.01,1.0000517911091928
Georgia,2020,0.23789192360341568,34.38,71510.0,0.79,1.0000055936232695
Hawaii,2020,0.035916824196597356,50.4,104830.0,0.91,1.0000190785080607
Idaho,2020,0.040936053712274295,34.44,71640.0,0.83,0.9999329983249581
Illinois,2020,0.414607913434587,35.85,74560.0,1.05,1.0001072961373392
Indiana,2020,0.2158268691741086,32.45,67490.0,1.06,1.0000889020595645
Iowa,2020,0.10550159702757317,30.08,62570.0,1.03,0.9999424644398273
Kansas,2020,0.09513721400169481,30.87,64200.0,1.03,1.0001495327102803
Kentucky,2020,0.13916954566195164,31.12,64730.0,1.12,0.999993820485092
Louisiana,2020,0.13509549573039567,32.7,68010.0,1.08,1.000088222320247
Maine,2020,0.045368620037807186,34.16,71040.0,1.15,1.0001801801801802
Maryland,2020,0.16700345479434195,39.23,81590.0,0.95,1.000102953793357
Massachusetts,2020,0.2730917150120592,46.27,96250.0,1.17,0.9999127272727274
Michigan,2020,0.31803663385698455,35.57,73980.0,1.16,1.0000756961340902
Minnesota,2020,0.2300371553353758,38.92,80960.0,1.22,0.999920948616601
Mississippi,2020,0.0930838928361906,29.45,61250.0,1.25,1.0000979591836734
Missouri,2020,0.23244899289485693,31.68,65900.0,1.24,0.9999150227617603
Montana,2020,0.03174499706668405,33.91,70530.0,1.02,1.0000396994186869
Nebraska,2020,0.0776350954957304,33.41,69480.0,1.19,1.0001842256764535
Nevada,2020,0.07554918193077374,43.15,89750.0,0.87,1.0000222841225628
New Hampshire,2020,0.04432566325532886,36.52,75970.0,1.04,0.9998894300381731
New Jersey,2020,0.25536144970992763,41.21,85720.0,0.97,0.9999626691553897
New Mexico,2020,0.0549507854768268,36.4,75700.0,1.01,1.0001585204755614
New York,2020,0.5811550746365948,43.16,89760.0,0.96,1.0001426024955435
North Carolina,2020,0.3222410533863503,33.15,68950.0,1.08,1.0000290065264685
North Dakota,2020,0.0317124046672316,33.47,69630.0,1.16,0.9998219158408731
Ohio,2020,0.41995306694478846,33.53,69750.0,1.17,0.9998910394265234
Oklahoma,2020,0.1066097386089564,32.02,66600.0,0.98,1.0000240240240241
Oregon,2020,0.11928818199595854,46.27,96230.0,0.95,1.0001205445287333
Pennsylvania,2020,0.4771527279838342,35.66,74170.0,1.24,1.0000377511123095
Rhode Island,2020,0.0388175477478652,39.81,82790.0,1.28,1.0001787655513952
South Carolina,2020,0.1489146730982335,32.28,67140.0,1.06,1.000035746201966
South Dakota,2020,0.04201160289420507,29.31,60960.0,1.49,1.0000787401574802
Tennessee,2020,0.19816178867088194,30.83,64120.0,0.98,1.0000998128509044
Texas,2020,0.7140668796036764,36.92,76800.0,0.84,0.9999166666666668
Utah,2020,0.07642917671598982,33.83,70370.0,0.74,0.9999488418360097
Vermont,2020,0.021413206440258133,34.68,72140.0,1.13,0.9999223731632936
Virginia,2020,0.21579427677465615,35.76,74380.0,0.84,1.0000107555794566
Washington,2020,0.19249071116615604,43.9,91310.0,0.86,1.0000219034059796
West Virginia,2020,0.06375073332898767,31.31,65130.0,1.42,0.9999201596806386
Wisconsin,2020,0.2066032201290659,35.94,74760.0,1.09,0.999935794542536
Wyoming,2020,0.015546574538817548,34.9,72600.0,0.89,0.9998898071625344
Guam,2020,0.001466657975360146,29.91,62200.0,0.5,1.0002057877813506
Puerto Rico,2020,0.061958151359103056,17.05,35450.0,1.09,1.000394922425952
Virgin Islands,2020,0.0009125871846685353,33.74,70190.0,0.68,0.9998461319276251
Alabama,2018,0.16051756730330488,28.59,59470.0,1.25,0.9999529174373634
Alaska,2018,0.01789322729939378,42.94,89310.0,0.89,1.0000582241630276
Arizona,2018,0.17746561501857766,37.02,77000.0,0.96,1.0000207792207794
Arkansas,2018,0.08193729222345349,29.22,60780.0,1.03,0.9999605133267522
California,2018,0.9590965386871781,51.42,106950.0,0.85,1.0000336605890603
Colorado,2018,0.1679160419790105,35.69,74240.0,0.97,0.9999353448275861
Connecticut,2018,0.101557916693827,39.05,81220.0,0.93,1.0000492489534598
Delaware,2018,0.03780718336483932,35.96,74800.0,1.29,0.999957219251337
District Of Columbia,2018,0.03542793820481064,44.4,92350.0,0.76,1.0000216567406606
Florida,2018,0.5780587966886123,31.83,66210.0,1.01,0.9999456275487085
Georgia,2018,0.24900593181670033,33.15,68950.0,0.86,1.0000290065264685
Hawaii,2018,0.03607978619385959,47.16,98080.0,0.86,1.0001305057096248
Idaho,2018,0.04416270125806662,32.26,67110.0,0.96,0.9998629116376098
Illinois,2018,0.42096343132781433,35.53,73890.0,1.06,1.0001678170253079
Indiana,2018,0.22042239749690373,31.18,64860.0,1.09,0.999913660191181
Iowa,2018,0.10928231536405711,28.43,59130.0,1.07,1.0000744123118552
Kansas,2018,0.08985724529039828,29.34,61030.0,0.99,0.9999541209241357
Kentucky,2018,0.14956652108728244,30.34,63100.0,1.2,1.0001141045958797
Louisiana,2018,0.13972361645264325,30.76,63970.0,1.1,1.0001688291386588
Maine,2018,0.04634639202138061,32.51,67610.0,1.17,1.0001597396834787
Maryland,2018,0.17547747865197835,36.93,76820.0,0.99,0.9999271023171049
Massachusetts,2018,0.262010299198227,44.3,92140.0,1.11,1.000043412198828
Michigan,2018,0.3143211003194055,34.29,71330.0,1.1,0.9999046684424505
Minnesota,2018,0.22410533863503032,37.94,78920.0,1.18,0.9999391789153572
Mississippi,2018,0.09653868717815006,28.12,58490.0,1.3,0.999993161224141
Missouri,2018,0.2331334332833583,31.31,65130.0,1.25,0.9999201596806386
Montana,2018,0.03213610586011342,32.43,67450.0,1.07,1.000065233506301
Nebraska,2018,0.07408252395541359,31.0,64470.0,1.15,1.0001551109042965
Nevada,2018,0.07274623557786324,41.16,85620.0,0.82,0.999915907498248
New Hampshire,2018,0.04364122286682746,34.98,72760.0,1.02,0.9999780098955469
New Jersey,2018,0.2584251352584577,39.78,82750.0,0.96,0.9999081570996979
New Mexico,2018,0.05374486669708624,34.49,71730.0,1.01,1.0001282587480833
New York,2018,0.5939964800208591,41.16,85610.0,0.95,1.0000327064595256
North Carolina,2018,0.3332898768007301,31.18,64850.0,1.15,1.0000678488820354
North Dakota,2018,0.02780131673293788,31.61,65740.0,1.03,1.0001338606632189
Ohio,2018,0.4078612867479304,32.13,66820.0,1.13,1.0001556420233464
Oklahoma,2018,0.09481129000717033,30.33,63080.0,0.9,1.0001014584654406
Oregon,2018,0.11661560524085783,43.79,91080.0,0.94,1.0000351339481774
Pennsylvania,2018,0.4832800990808943,33.84,70390.0,1.25,0.9999602216223896
Rhode Island,2018,0.04038198292158269,37.7,78420.0,1.29,0.9999489926039276
South Carolina,2018,0.14376507398474675,31.22,64940.0,1.05,0.9999630428087465
South Dakota,2018,0.04080568411446451,28.05,58340.0,1.48,1.0000685635927322
Tennessee,2018,0.19594550550811551,29.48,61320.0,1.0,0.9999739073711676
Texas,2018,0.6847989048953784,35.04,72890.0,0.85,0.999906708739196
Utah,2018,0.06994328922495274,31.57,65670.0,0.73,0.9999329983249582
Vermont,2018,0.02027247245942246,33.25,69160.0,1.04,1.0
Virginia,2018,0.21025356886774005,33.55,69790.0,0.83,0.9999140277976787
Washington,2018,0.1826803989309693,39.75,82670.0,0.85,1.0001209628644006
West Virginia,2018,0.0641744345218695,29.7,61780.0,1.4,0.9999352541275494
Wisconsin,2018,0.19161071638093996,34.36,71470.0,1.02,0.9999832097383519
Wyoming,2018,0.015546574538817548,32.38,67360.0,0.91,0.9998574821852731
Guam,2018,0.001173326380288117,28.38,59030.0,0.49,1.0000067762154836
Puerto Rico,2018,0.06189296656019816,16.8,34940.0,1.11,1.00011448196909
Virgin Islands,2018,0.00035851639397692456,29.59,61550.0,0.54,0.9999545085296507
Alabama,2015,0.14262434000391108,27.35,56890.0,1.17,0.9999648444366321
Alaska,2015,0.01847989048953784,42.55,88510.0,0.91,0.999932211049599
Arizona,2015,0.16152793168633076,34.51,71790.0,0.97,0.9998718484468587
Arkansas,2015,0.07248549638224366,27.34,56870.0,0.96,0.999950764902409
California,2015,0.8303565608500098,48.68,101260.0,0.83,0.9999446968200671
Colorado,2015,0.1483606023075419,33.65,69990.0,0.94,1.0000285755107872
Connecticut,2015,0.10494752623688156,37.18,77330.0,0.98,1.0000568990042675
Delaware,2015,0.03301610064532951,34.33,71410.0,1.2,0.9999495868925921
District Of Columbia,2015,0.03353757903656867,38.25,79560.0,0.78,1.0
Florida,2015,0.5496056319666254,30.75,63960.0,1.07,1.0
Georgia,2015,0.2240401538361254,30.38,63190.0,0.84,1.0000063301155246
Hawaii,2015,0.03503682941138127,43.33,90130.0,0.89,0.9999600576944414
Idaho,2015,0.03878495534841275,29.46,61280.0,0.95,0.9999477806788513
Illinois,2015,0.3676422658236099,33.54,69760.0,0.97,1.000045871559633
Indiana,2015,0.19767290267909524,28.32,58910.0,1.04,0.999925309794602
Iowa,2015,0.1023075418812333,26.46,55040.0,1.04,0.9999418604651164
Kansas,2015,0.08786910892379897,27.6,57410.0,1.0,0.9999651628636126
Kentucky,2015,0.14141842122417053,28.26,58770.0,1.19,1.0001837672281777
Louisiana,2015,0.13698585489863763,30.03,62450.0,1.09,1.0001985588470776
Maine,2015,0.04553158203506942,30.92,64310.0,1.21,1.0000559788524337
Maryland,2015,0.16576494361514896,35.19,73200.0,0.99,0.9999344262295081
Massachusetts,2015,0.272276905025748,42.62,88650.0,1.24,0.9999954878736604
Michigan,2015,0.296232318623297,32.54,67690.0,1.1,0.9998995420298418
Minnesota,2015,0.19359885274753927,34.77,72310.0,1.08,1.0001604204121144
Mississippi,2015,0.08985724529039828,27.39,56980.0,1.26,0.9998455598455598
Missouri,2015,0.21387132520696173,28.44,59150.0,1.22,1.000087912087912
Montana,2015,0.03063685548530083,30.12,62650.0,1.08,0.9999936153232243
Nebraska,2015,0.06635812528518349,28.35,58970.0,1.08,0.9999660844497202
Nevada,2015,0.0626751841470569,39.16,81460.0,0.79,0.9999116130616252
New Hampshire,2015,0.040675314516654716,32.3,67190.0,1.01,0.9999107009971722
New Jersey,2015,0.2549377485170458,38.38,79840.0,1.01,0.9998797595190381
New Mexico,2015,0.048464897985789714,31.74,66030.0,0.95,0.9998364379827351
New York,2015,0.5594159442018122,37.96,78950.0,0.96,1.000086130462318
North Carolina,2015,0.3110292679747083,29.07,60460.0,1.16,1.000092623221965
North Dakota,2015,0.02649762075483997,28.31,58890.0,0.94,0.9999116997792494
Ohio,2015,0.41076201029919823,30.19,62800.0,1.2,0.9999235668789809
Oklahoma,2015,0.08421876018512484,28.39,59040.0,0.82,1.000189701897019
Oregon,2015,0.1051104882341438,40.29,83800.0,0.94,1.0000381861575178
Pennsylvania,2015,0.44276774656150186,32.47,67550.0,1.2,0.9998164322723907
Rhode Island,2015,0.03816569975881624,36.74,76410.0,1.27,1.000120403088601
South Carolina,2015,0.13753992568932924,29.38,61110.0,1.11,1.0000065455735558
South Dakota,2015,0.03816569975881624,26.49,55100.0,1.45,0.9999854809437385
Tennessee,2015,0.18079003976272734,27.67,57560.0,0.99,0.9998888116747742
Texas,2015,0.6466657975360146,33.6,69890.0,0.86,0.9999713836028044
Utah,2015,0.0641744345218695,29.33,61000.0,0.76,1.0001049180327868
Vermont,2015,0.019946548464897986,31.65,65840.0,1.05,0.9998784933171324
Virginia,2015,0.2056580405449449,31.41,65340.0,0.86,0.9998898071625344
Washington,2015,0.17156639071768465,37.56,78130.0,0.89,0.9999334442595674
West Virginia,2015,0.06446776611694154,27.89,58010.0,1.42,1.0000206860886054
Wisconsin,2015,0.17997522977641614,31.94,66440.0,1.0,0.9999277543648405
Wyoming,2015,0.015220650544293071,29.84,62080.0,0.87,0.9997938144329896
Guam,2015,0.0009125871846685353,25.7,53450.0,0.43,1.0001122544434051
Puerto Rico,2015,0.05622188905547226,16.51,34350.0,0.99,0.9997321688500729
Virgin Islands,2015,3.259239945244769e-05,22.91,47650.0,0.34,1.000058761804827
Alabama,2013,0.14132064402581318,26.86,55870.0,1.18,0.9999785215679255
Alaska,2013,0.018088781696108468,40.21,83640.0,0.89,0.9999617407938786
Arizona,2013,0.1500879994785216,34.34,71430.0,0.93,0.9999608007839844
Arkansas,2013,0.07574473632748843,27.0,56150.0,1.01,1.0001780943900267
California,2013,0.8236099341633532,46.62,96980.0,0.86,0.9998927613941018
Colorado,2013,0.13564956652108728,33.16,68980.0,0.91,0.9998956219193967
Connecticut,2013,0.11270451730656411,36.67,76280.0,1.06,0.9999160985841637
Delaware,2013,0.030962779479825304,33.97,70660.0,1.18,0.9999660345315595
District Of Columbia,2013,0.035167199009191054,37.28,77550.0,0.83,0.9999019987105093
Florida,2013,0.5289420507137735,29.84,62060.0,1.09,1.0001160167579761
Georgia,2013,0.21458835799491557,29.63,61630.0,0.85,1.0000064903456107
Hawaii,2013,0.032787953849162374,41.05,85380.0,0.85,1.0000468493792458
Idaho,2013,0.0388175477478652,28.74,59770.0,0.99,1.0001539233729295
Illinois,2013,0.35603937161853855,32.08,66730.0,0.96,0.9999460512513113
Indiana,2013,0.1938921843426113,28.04,58320.0,1.04,1.0000548696844993
Iowa,2013,0.10383938465549834,25.73,53520.0,1.07,0.9999701046337818
Kansas,2013,0.08702170653803533,27.12,56410.0,1.0,0.9999929090586777
Kentucky,2013,0.13740955609151945,27.65,57520.0,1.18,0.9998609179415855
Louisiana,2013,0.13154292419007887,29.7,61780.0,1.07,0.9999352541275494
Maine,2013,0.0444886252525911,30.12,62640.0,1.19,1.000153256704981
Maryland,2013,0.14937096669056776,34.18,71100.0,0.91,0.9999212376933896
Massachusetts,2013,0.2575777328726941,40.25,83720.0,1.21,1.0
Michigan,2013,0.2985463789844208,31.64,65820.0,1.14,0.9998663020358554
Minnesota,2013,0.18799296004171828,34.21,71160.0,1.07,0.9999550309162452
Mississippi,2013,0.08914021250244443,27.18,56530.0,1.27,1.000077834777994
Missouri,2013,0.21064467766116943,27.9,58040.0,1.22,0.9998621640248104
Montana,2013,0.028681311518153965,29.18,60700.0,1.03,0.9999077429983526
Nebraska,2013,0.06293592334267649,27.37,56920.0,1.05,1.0001686577652846
Nevada,2013,0.05514633987354149,37.89,78800.0,0.74,1.0001421319796955
New Hampshire,2013,0.03891532494622254,31.03,64540.0,0.98,1.0000371862410908
New Jersey,2013,0.24499706668404928,37.19,77360.0,0.98,0.9999379524301963
New Mexico,2013,0.0466071312170002,31.2,64900.0,0.92,0.9999383667180277
New York,2013,0.5527019099146079,36.29,75470.0,0.98,1.0001749039353385
North Carolina,2013,0.2871716315755166,28.51,59290.0,1.11,1.0001821555068309
North Dakota,2013,0.024476891988788215,26.94,56030.0,0.91,1.000092807424594
Ohio,2013,0.4046672316015905,29.69,61750.0,1.21,1.000084210526316
Oklahoma,2013,0.08382765139169546,27.47,57130.0,0.83,1.0001330299317346
Oregon,2013,0.09207352845316472,38.67,80440.0,0.87,0.9999204375932373
Pennsylvania,2013,0.40580796558242616,31.74,66010.0,1.11,1.0001393728222996
Rhode Island,2013,0.03692718857962323,35.62,74080.0,1.26,1.0001295896328293
South Carolina,2013,0.1359428981161593,28.69,59670.0,1.14,1.0000871459694989
South Dakota,2013,0.036829411381265886,25.51,53050.0,1.43,1.0002035815268615
Tennessee,2013,0.1874714816504791,27.27,56730.0,1.07,0.9998519301956638
Texas,2013,0.6187667036047194,32.62,67860.0,0.87,0.9998467432950191
Utah,2013,0.05967668339743172,28.89,60090.0,0.74,1.0000199700449326
Vermont,2013,0.021087282445733654,30.41,63260.0,1.12,0.9998861840025292
Virginia,2013,0.19516328792125676,30.36,63150.0,0.82,0.999980997624703
Washington,2013,0.1721530539078287,36.74,76420.0,0.93,0.9999895315362471
West Virginia,2013,0.0593181670034548,26.56,55240.0,1.29,1.0000868935553946
Wisconsin,2013,0.18457075809921125,30.99,64460.0,1.05,0.9999875892026062
Wyoming,2013,0.013884362166742716,29.56,61480.0,0.8,1.000078074170462
Guam,2013,0.0009125871846685353,25.22,52450.0,0.43,1.0001448999046711
Puerto Rico,2013,0.06078482497881494,15.77,32800.0,1.01,1.0000487804878049
Virgin Islands,2013,0.00019555439671468613,21.56,44830.0,0.38,1.0003301360695962
Alabama,2012,0.14184212241705235,26.57,55270.0,1.19,0.999920390808757
Alaska,2012,0.01665471612020077,38.93,80970.0,0.83,1.0000543411139928
Arizona,2012,0.14783912391630272,34.32,71390.0,0.93,0.9999383667180277
Arkansas,2012,0.07574473632748843,26.62,55360.0,1.01,1.0001734104046243
California,2012,0.8139625839254286,45.25,94120.0,0.86,1.0
Colorado,2012,0.1340851313473698,32.66,67920.0,0.92,1.0001884570082449
Connecticut,2012,0.11270451730656411,36.37,75660.0,1.06,0.9998625429553264
Delaware,2012,0.030702040284205725,34.05,70820.0,1.18,1.0000564812199944
District Of Columbia,2012,0.03607978619385959,36.44,75790.0,0.86,1.0000686106346484
Florida,2012,0.5328205462486149,29.7,61780.0,1.11,0.9999352541275494
Georgia,2012,0.20839580209895053,29.22,60770.0,0.83,1.0001250617080797
Hawaii,2012,0.03200573626230363,40.74,84750.0,0.85,0.9998725663716815
Idaho,2012,0.036438302587836514,28.42,59100.0,0.94,1.0002301184433164
Illinois,2012,0.3731503813310736,31.86,66260.0,1.01,1.0001328101418654
Indiana,2012,0.1896551724137931,27.65,57520.0,1.03,0.9998609179415855
Iowa,2012,0.10406753145166547,25.26,52540.0,1.08,1.0000152264940998
Kansas,2012,0.08519653216869826,26.94,56040.0,0.99,0.999914346895075
Kentucky,2012,0.13910436086304673,27.65,57510.0,1.2,1.0000347765605981
Louisiana,2012,0.13017404341307606,29.45,61260.0,1.06,0.9999347045380346
Maine,2012,0.04569454403233166,29.18,60700.0,1.21,0.9999077429983526
Maryland,2012,0.14793690111466007,34.18,71090.0,0.9,1.0000618933745957
Massachusetts,2012,0.2585555048562675,40.08,83370.0,1.23,0.9999568189996402
Michigan,2012,0.2943093670556026,30.97,64430.0,1.14,0.9998075430699983
Minnesota,2012,0.17828042500488886,34.03,70780.0,1.03,1.000033907883583
Mississippi,2012,0.09112834886904374,27.76,57740.0,1.29,1.000013855213024
Missouri,2012,0.2119157812398149,27.4,56990.0,1.24,1.0000350938761187
Montana,2012,0.026595397953197316,28.81,59920.0,0.96,1.0000801068090788
Nebraska,2012,0.05980705299524151,27.09,56350.0,1.01,0.9999503105590062
Nevada,2012,0.05394042109380093,37.44,77870.0,0.74,1.0000667779632721
New Hampshire,2012,0.040056058927058213,30.73,63920.0,1.01,0.9999749687108886
New Jersey,2012,0.2426830063229255,36.45,75820.0,0.97,0.9999472434713795
New Mexico,2012,0.04738934880385894,32.07,66710.0,0.94,0.999934042872133
New York,2012,0.5433478912717554,35.63,74100.0,0.97,1.000140350877193
North Carolina,2012,0.28029463529105014,28.25,58760.0,1.1,1.0
North Dakota,2012,0.023922821198096605,25.73,53520.0,0.93,0.9999701046337818
Ohio,2012,0.39182582621732615,29.31,60970.0,1.18,0.9999147121535181
Oklahoma,2012,0.0867283749429633,26.91,55980.0,0.87,0.9998713826366559
Oregon,2012,0.0932142624340004,37.75,78530.0,0.89,0.9998726601298866
Pennsylvania,2012,0.4073398083566912,31.25,65000.0,1.11,1.0
Rhode Island,2012,0.03780718336483932,35.13,73070.0,1.29,1.0000054742028193
South Carolina,2012,0.13568215892053972,28.33,58940.0,1.15,0.9997692568713946
South Dakota,2012,0.035167199009191054,25.39,52800.0,1.37,1.0002121212121213
Tennessee,2012,0.18036633856984552,26.83,55800.0,1.03,1.0001146953405018
Texas,2012,0.6096408317580341,31.9,66350.0,0.88,1.0000301431801055
Utah,2012,0.057623362231927516,28.76,59810.0,0.74,1.000180571810734
Vermont,2012,0.01978358646763575,30.46,63350.0,1.06,1.0001073401736384
Virginia,2012,0.19037220520174694,30.31,63050.0,0.81,0.9999175257731958
Washington,2012,0.16563457401733916,36.22,75350.0,0.91,0.9998354346383542
West Virginia,2012,0.05605892705821003,26.2,54490.0,1.21,1.0001101119471463
Wisconsin,2012,0.17730265302131543,30.77,64000.0,1.01,1.000025
Wyoming,2012,0.013753992568932925,29.18,60690.0,0.79,1.0000724995880705
Guam,2012,0.0007170327879538491,25.75,53560.0,0.38,1.0
Puerto Rico,2012,0.05641744345218695,15.83,32930.0,0.92,0.9998906771940479
Virgin Islands,2012,0.0002933315950720292,24.49,50940.0,0.4,0.9999842952493128
Alabama,2019,0.15953979531973145,28.96,60230.0,1.23,1.0001129005478997
Alaska,2019,0.01945766247311127,43.51,90500.0,0.96,1.0000088397790055
Arizona,2019,0.1771396910240532,37.66,78330.0,0.94,1.000035746201966
Arkansas,2019,0.08138322143276187,29.49,61330.0,1.02,1.000150008152617
California,2019,0.9860178606348999,54.44,113240.0,0.86,0.9999576121511833
Colorado,2019,0.17036047193794407,36.65,76230.0,0.97,1.0000262363898729
Connecticut,2019,0.11244377811094453,40.12,83440.0,1.03,1.0001150527325025
Delaware,2019,0.037448666970862396,35.63,74100.0,1.28,1.000140350877193
District Of Columbia,2019,0.03471090541685679,45.59,94820.0,0.74,1.0000759333473952
Florida,2019,0.5913239032657585,32.5,67610.0,1.02,0.9998520928856678
Georgia,2019,0.24506225148295419,33.46,69590.0,0.83,1.000097715188964
Hawaii,2019,0.03614497099276449,50.03,104060.0,0.88,1.0000230636171439
Idaho,2019,0.045205658040544945,33.4,69480.0,0.96,0.9998848589522165
Illinois,2019,0.42138713252069615,35.34,73510.0,1.06,0.9999619099442254
Indiana,2019,0.2192490711166156,32.0,66560.0,1.08,1.0
Iowa,2019,0.10670751580731373,29.13,60590.0,1.05,1.0000066017494635
Kansas,2019,0.09820089955022489,30.02,62450.0,1.07,0.9998654923939152
Kentucky,2019,0.14210286161267194,30.65,63750.0,1.14,1.0000313725490195
Louisiana,2019,0.13242291897529496,31.66,65850.0,1.05,1.0000425208807897
Maine,2019,0.04644416921973796,33.54,69760.0,1.17,1.000045871559633
Maryland,2019,0.17244638550290073,37.46,77910.0,0.97,1.000087280195097
Massachusetts,2019,0.26328140277687245,44.79,93160.0,1.1,1.0000343495062258
Michigan,2019,0.31503813310735934,35.19,73200.0,1.1,0.9999344262295081
Minnesota,2019,0.23062381852551986,38.52,80130.0,1.21,0.9998951703481843
Mississippi,2019,0.09552832279512417,28.73,59750.0,1.29,1.0001405857740586
Missouri,2019,0.22358386024379115,30.85,64160.0,1.2,1.0001246882793018
Montana,2019,0.03282054624861482,33.34,69340.0,1.08,1.0001038361695993
Nebraska,2019,0.07678769310996676,32.04,66640.0,1.19,1.000048019207683
Nevada,2019,0.07398474675705626,42.49,88380.0,0.81,0.999990948178321
New Hampshire,2019,0.045890098429046344,35.52,73880.0,1.07,1.0000216567406608
New Jersey,2019,0.26041327162505706,40.52,84280.0,0.97,1.0000189843379215
New Mexico,2019,0.055765595463137994,35.24,73300.0,1.04,0.9999890859481584
New York,2019,0.5804054494491885,42.23,87840.0,0.92,0.9999817850637521
North Carolina,2019,0.3250114073398084,31.94,66440.0,1.1,0.9999277543648405
North Dakota,2019,0.030995371879277752,31.87,66290.0,1.14,0.9999939659073768
Ohio,2019,0.40815461834300243,32.8,68220.0,1.13,1.000058633831721
Oklahoma,2019,0.10139495469656476,31.15,64800.0,0.95,0.9998765432098765
Oregon,2019,0.11870151880581449,44.69,92960.0,0.95,0.9999483648881239
Pennsylvania,2019,0.48171566390717685,34.33,71410.0,1.24,0.9999495868925921
Rhode Island,2019,0.04038198292158269,39.57,82310.0,1.29,0.9999465435548536
South Carolina,2019,0.15194576624731113,31.17,64840.0,1.09,0.9999012954966071
South Dakota,2019,0.04142493970406101,28.63,59540.0,1.5,1.000174672489083
Tennessee,2019,0.20562544814549247,30.08,62570.0,1.04,0.9999424644398273
Texas,2019,0.7100254220715729,35.84,74540.0,0.86,1.000096592433593
Utah,2019,0.06978032722769051,32.68,67970.0,0.71,1.0000647344416655
Vermont,2019,0.022097646828759532,33.77,70240.0,1.13,1.0000227790432803
Virginia,2019,0.2144579883971058,34.56,71870.0,0.84,1.0002059273688606
Washington,2019,0.18825369923733784,41.43,86170.0,0.86,1.0000510618544738
West Virginia,2019,0.06384851052734503,30.39,63220.0,1.39,0.9998608035431825
Wisconsin,2019,0.2010625122221498,34.91,72610.0,1.06,1.0000385621815175
Wyoming,2019,0.015905090932794474,33.03,68690.0,0.92,1.0001805211821226
Guam,2019,0.0014340655759076983,27.92,58070.0,0.53,1.0000619941449975
Puerto Rico,2019,0.0628055537448667,16.85,35040.0,1.11,1.0002283105022831
Virgin Islands,2019,0.0007170327879538491,32.93,68500.0,0.66,0.9999182481751825
Alabama,2009,0.13897399126523693,27.82,57860.0,1.01,1.0000967853439335
Alaska,2009,0.015546574538817548,36.04,74970.0,1.01,0.9999092970521541
Arizona,2009,0.12492666710123199,32.27,67130.0,1.01,0.9998748696558917
Arkansas,2009,0.07434326315103318,27.42,57040.0,1.01,0.9998877980364657
California,2009,0.7587184668535297,40.9,85080.0,1.01,0.9999059708509638
Colorado,2009,0.13529105012711035,32.12,66800.0,1.01,1.0001437125748502
Connecticut,2009,0.11586598005345153,34.58,71930.0,1.01,0.9999499513415822
Delaware,2009,0.032527214653542795,34.02,70770.0,1.01,0.9998813056379824
District Of Columbia,2009,0.028192425526367252,35.6,74040.0,1.01,1.0001080497028634
Florida,2009,0.49116745974838666,29.94,62270.0,1.01,1.0000835073068894
Georgia,2009,0.2122742976337918,29.3,60940.0,1.01,1.0000656383327864
Hawaii,2009,0.02832279512417704,38.47,80020.0,1.01,0.9999700074981255
Idaho,2009,0.03357017143602112,29.48,61320.0,1.01,0.9999739073711676
Illinois,2009,0.37839775764291766,31.46,65440.0,1.01,0.9999511002444988
Indiana,2009,0.1878625904439085,27.84,57910.0,1.01,0.999951649110689
Iowa,2009,0.09943941072941789,24.97,51930.0,1.01,1.0001463508569228
Kansas,2009,0.08500097777198358,26.79,55730.0,1.01,0.9998779831329625
Kentucky,2009,0.1401799100449775,27.94,58110.0,1.01,1.000089485458613
Louisiana,2009,0.1281533146470243,28.99,60290.0,1.01,1.0001525957870292
Maine,2009,0.04618343002411838,31.37,65240.0,1.01,1.0001471489883507
Maryland,2009,0.16745974838667624,36.7,76330.0,1.01,1.000078606052666
Massachusetts,2009,0.26993025226517176,39.32,81780.0,1.01,1.0000684764000978
Michigan,2009,0.2750146665797536,30.82,64100.0,1.01,1.0000873634945397
Minnesota,2009,0.18681963366143015,34.98,72760.0,1.01,0.9999780098955469
Mississippi,2009,0.09057427807835212,27.7,57630.0,1.01,0.9997570709699809
Missouri,2009,0.20171436021119876,27.62,57460.0,1.01,0.9998190045248869
Montana,2009,0.026399843556482627,27.1,56380.0,1.01,0.9997871585668677
Nebraska,2009,0.06091519457662473,26.46,55040.0,1.01,0.9999418604651164
Nevada,2009,0.051691545531582034,35.07,72940.0,1.01,1.0000767754318618
New Hampshire,2009,0.042663450883254024,29.84,62060.0,1.01,1.0001160167579761
New Jersey,2009,0.24278078352128285,36.05,74990.0,1.01,0.999919989331911
New Mexico,2009,0.039436803337461704,30.55,63550.0,1.01,0.9999055861526357
New York,2009,0.5393716185385569,34.99,72790.0,1.01,0.9998516279708752
North Carolina,2009,0.28665015318427745,28.31,58880.0,1.01,1.0000815217391303
North Dakota,2009,0.019620624470373507,26.98,56110.0,1.01,1.000149705934771
Ohio,2009,0.38338439475914216,28.72,59740.0,1.01,0.9999598259122865
Oklahoma,2009,0.08832540251613324,25.58,53210.0,1.01,0.9999323435444465
Oregon,2009,0.09937422593051301,35.24,73300.0,1.01,0.9999890859481584
Pennsylvania,2009,0.42229971970536473,30.58,63600.0,1.01,1.0001006289308176
Rhode Island,2009,0.03712274297633792,33.09,68830.0,1.01,0.9999593200639257
South Carolina,2009,0.12313408513134737,28.69,59680.0,1.01,0.9999195710455764
South Dakota,2009,0.03353757903656867,25.73,53520.0,1.01,0.9999701046337818
Tennessee,2009,0.20122547421941203,28.62,59520.0,1.01,1.0001612903225807
Texas,2009,0.5468352780131673,31.09,64670.0,1.01,0.9999567032627185
Utah,2009,0.056808552245616324,28.54,59370.0,1.01,0.999885464039077
Vermont,2009,0.017730265302131544,30.4,63230.0,1.01,1.0000316305551162
Virginia,2009,0.1955218043152337,30.42,63270.0,1.01,1.0000568990042675
Washington,2009,0.1760641418421224,34.83,72450.0,1.01,0.9999503105590063
West Virginia,2009,0.055733003063685546,25.5,53030.0,1.01,1.0001885725061286
Wisconsin,2009,0.17361971188318884,30.39,63200.0,1.01,1.0001772151898736
Wyoming,2009,0.014536210155791669,27.91,58060.0,1.01,0.9998759903548053
Guam,2009,0.0008474023857636399,23.86,49630.0,1.01,0.9999758210759621
Puerto Rico,2009,0.05697151424287856,14.4,29950.0,1.01,1.0000667779632721
Virgin Islands,2009,0.0006518479890489537,23.98,49890.0,1.01,0.9997674884746443
Alabama,2008,0.13467179453751385,27.25,56670.0,1.01,1.000176460208223
Alaska,2008,0.01665471612020077,35.01,72820.0,1.01,1.000010985992859
Arizona,2008,0.12235186754448862,31.12,64740.0,1.01,0.9998393574297189
Arkansas,2008,0.07418030115377094,26.58,55280.0,1.01,1.0001157742402316
California,2008,0.7829672120461508,39.92,83040.0,1.01,0.999922928709056
Colorado,2008,0.12776220585359493,30.91,64280.0,1.01,1.00019912881145
Connecticut,2008,0.11449709927644873,33.82,70350.0,1.01,0.9999374555792465
Delaware,2008,0.02874649631705886,33.13,68900.0,1.01,1.0001509433962266
District Of Columbia,2008,0.02933315950720292,35.11,73040.0,1.01,0.9998466593647317
Florida,2008,0.4751971840166873,29.46,61290.0,1.01,0.9997846304454234
Georgia,2008,0.21080763965843166,28.83,59960.0,1.01,1.0001067378252169
Hawaii,2008,0.027768724333485432,37.47,77950.0,1.01,0.9998409236690186
Idaho,2008,0.034580535819047,27.78,57770.0,1.01,1.0002146442790376
Illinois,2008,0.35388827325467703,30.78,64020.0,1.01,1.000037488284911
Indiana,2008,0.1833648393194707,27.48,57160.0,1.01,0.9999720083974808
Iowa,2008,0.09754905156117594,24.37,50700.0,1.01,0.9997948717948718
Kansas,2008,0.08076396584316538,26.2,54500.0,1.01,0.9999266055045871
Kentucky,2008,0.13310735936379636,27.3,56780.0,1.01,1.000070447340613
Louisiana,2008,0.12831627664428655,28.52,59320.0,1.01,1.0000269723533377
Maine,2008,0.045010103643830256,28.61,59520.0,1.01,0.9998118279569892
Maryland,2008,0.1647219868326706,35.75,74370.0,1.01,0.99986553717897
Massachusetts,2008,0.258881428850792,38.17,79390.0,1.01,1.000045345761431
Michigan,2008,0.28140277687243337,30.34,63100.0,1.01,1.0001141045958797
Minnesota,2008,0.18085522456163222,33.92,70560.0,1.01,0.9999092970521544
Mississippi,2008,0.08835799491558569,27.0,56160.0,1.01,1.0
Missouri,2008,0.19509810312235187,27.24,56670.0,1.01,0.9998094229751191
Montana,2008,0.023596897203572127,26.47,55060.0,1.01,0.9999564111877951
Nebraska,2008,0.06091519457662473,25.71,53490.0,1.01,0.9997532249018508
Nevada,2008,0.05120265953979532,33.99,70700.0,1.01,0.9999886845827441
New Hampshire,2008,0.04194641809530018,28.95,60210.0,1.01,1.0000996512207274
New Jersey,2008,0.24558372987419333,35.03,72870.0,1.01,0.9998957046795663
New Mexico,2008,0.03800273776155401,29.73,61830.0,1.01,1.000135856380398
New York,2008,0.5495404471677204,35.17,73160.0,1.01,0.9999125205030073
North Carolina,2008,0.27374356300110814,27.78,57790.0,1.01,0.9998684893580204
North Dakota,2008,0.01988136366599309,26.57,55260.0,1.01,1.0001013391241405
Ohio,2008,0.3738022293201225,28.25,58750.0,1.01,1.0001702127659575
Oklahoma,2008,0.08643504334789127,24.94,51880.0,1.01,0.9999074787972244
Oregon,2008,0.09692979597157943,34.23,71210.0,1.01,0.999837101530684
Pennsylvania,2008,0.41985528974643116,29.51,61390.0,1.01,0.9998501384590325
Rhode Island,2008,0.03624274819112183,32.6,67810.0,1.01,0.9999705058250995
South Carolina,2008,0.11941855159376834,27.7,57610.0,1.01,1.000104148585315
South Dakota,2008,0.03184277426504139,25.29,52600.0,1.01,1.000060836501901
Tennessee,2008,0.1998891858418617,28.37,59000.0,1.01,1.0001627118644068
Texas,2008,0.5350368294113813,29.7,61780.0,1.01,0.9999352541275494
Utah,2008,0.05537448666970862,27.91,58050.0,1.01,1.0000482342807924
Vermont,2008,0.01844729809008539,29.14,60610.0,1.01,1.0000197987130837
Virginia,2008,0.19490254872563717,29.7,61780.0,1.01,0.9999352541275494
Washington,2008,0.16876344436477414,34.2,71140.0,1.01,0.9999437728422829
West Virginia,2008,0.0543315298872303,25.16,52340.0,1.01,0.9998624379059992
Wisconsin,2008,0.1677204875822958,29.88,62140.0,1.01,1.0001673640167363
Wyoming,2008,0.013232514177693762,26.39,54880.0,1.01,1.0002040816326532
Guam,2008,0.0008148099863111922,24.38,50710.0,1.01,1.0000078879905343
Puerto Rico,2008,0.054885600677921906,13.59,28270.0,1.01,0.9999009550760524
Virgin Islands,2008,0.0005540707906916108,22.47,46730.0,1.01,1.0001626364219987
Alabama,2010,0.14360211198748452,27.81,57850.0,1.173,0.9999101123595505
Alaska,2010,0.016002868131151815,38.15,79350.0,0.8,1.00002520478891
Arizona,2010,0.13522586532820546,33.76,70220.0,0.844,1.0000113927655938
Arkansas,2010,0.07655954631379962,27.16,56500.0,1.0,0.9998725663716813
California,2010,0.7815331464702432,42.06,87480.0,0.821,1.0000548696844993
Colorado,2010,0.13597549051561175,32.35,67280.0,0.931,1.0001189060642093
Connecticut,2010,0.11430154487973404,35.51,73860.0,1.057,1.000010831302464
Delaware,2010,0.031484257871064465,34.1,70920.0,1.191,1.0001128031584885
District Of Columbia,2010,0.030213154292419008,36.64,76210.0,0.712,1.0000157459650965
Florida,2010,0.5154487973404602,30.29,63010.0,1.067,0.9998920806221234
Georgia,2010,0.2123394824326967,29.65,61670.0,0.836,1.0000324306794228
Hawaii,2010,0.029822045498989636,39.48,82130.0,0.786,0.9998587605016437
Idaho,2010,0.034482758620689655,30.15,62720.0,0.871,0.9998724489795918
Illinois,2010,0.3929665601981618,32.05,66660.0,1.046,1.0000600060006
Indiana,2010,0.1957499511114008,27.8,57820.0,1.059,1.0000691802144588
Iowa,2010,0.10380679225604589,24.99,51970.0,1.068,1.00017702520685
Kansas,2010,0.09070464767616192,27.63,57470.0,1.03,1.0000069601531234
Kentucky,2010,0.14562284075353626,27.95,58130.0,1.253,1.000103216927576
Louisiana,2010,0.13212958738022293,29.84,62060.0,1.065,1.0001160167579761
Maine,2010,0.0472263868065967,31.08,64650.0,1.221,0.9999443155452435
Maryland,2010,0.16374421484909718,36.76,76450.0,0.981,1.0001412688031392
Massachusetts,2010,0.276644286552376,40.86,84990.0,1.306,0.9999858806918461
Michigan,2010,0.27964278730200115,30.75,63970.0,1.097,0.9998436767234641
Minnesota,2010,0.18176781174630077,35.47,73770.0,1.046,1.0001030229090415
Mississippi,2010,0.09112834886904374,27.86,57940.0,1.26,1.0001518812564723
Missouri,2010,0.21696760315494426,28.43,59140.0,1.236,0.9999053094352385
Montana,2010,0.02692132194772179,27.82,57860.0,0.959,1.0000967853439335
Nebraska,2010,0.060426308584838016,27.15,56480.0,0.997,0.9998583569405098
Nevada,2010,0.05390782869434848,36.21,75320.0,0.721,0.9999575146043548
New Hampshire,2010,0.044358255654781305,30.45,63340.0,1.099,0.9999368487527629
New Jersey,2010,0.24913630141451013,36.27,75440.0,0.974,1.0000212089077414
New Mexico,2010,0.044130108858614174,31.78,66090.0,0.849,1.0001876229384175
New York,2010,0.552343393520631,35.58,74000.0,0.974,1.0000864864864862
North Carolina,2010,0.29492862264519915,28.97,60260.0,1.151,0.9999601725854629
North Dakota,2010,0.021641353236425267,27.41,57020.0,0.925,0.9998737285163101
Ohio,2010,0.3978228277165765,29.13,60590.0,1.19,1.0000066017494635
Oklahoma,2010,0.09132390326575843,26.12,54340.0,0.912,0.9998086124401915
Oregon,2010,0.10335049866371163,36.23,75350.0,0.974,1.0001114797611146
Pennsylvania,2010,0.4259500684440389,31.29,65070.0,1.143,1.00020285846012
Rhode Island,2010,0.03973013493253373,33.96,70640.0,1.327,0.9999546998867498
South Carolina,2010,0.1312821849944593,28.87,60040.0,1.11,1.0001598934043971
South Dakota,2010,0.034059057427807835,26.31,54730.0,1.32,0.9999049881235154
Tennessee,2010,0.20093214262434,29.08,60480.0,1.153,1.0001058201058202
Texas,2010,0.5739195619581514,31.82,66180.0,0.837,1.0000846177092777
Utah,2010,0.05863372661495339,29.1,60530.0,0.76,0.9999669585329588
Vermont,2010,0.018708037285704974,30.39,63210.0,0.998,1.0000189843379212
Virginia,2010,0.20135584381722182,31.26,65020.0,0.842,1.0000123039064903
Washington,2010,0.1702952871390392,35.42,73680.0,0.933,0.999913137893594
West Virginia,2010,0.05674336744671143,26.11,54300.0,1.228,1.0001620626151013
Wisconsin,2010,0.17156639071768465,30.9,64280.0,0.97,0.9998755444928438
Wyoming,2010,0.0148295417508637,28.25,58750.0,0.85,1.0001702127659575
Guam,2010,0.0007170327879538491,24.45,50860.0,0.368,0.9999213527329925
Puerto Rico,2010,0.0557004106642331,15.2,31620.0,0.873,0.9998734977862113
Virgin Islands,2010,0.00039110879342937226,25.34,52700.0,0.408,1.0001366223908918
Alabama,2007,0.1366925233035656,26.14,54370.0,1.01,1.000022070995034
Alaska,2007,0.016002868131151815,33.8,70300.0,1.01,1.0000568990042675
Arizona,2007,0.11192229971970537,29.17,60670.0,1.01,1.000059337399044
Arkansas,2007,0.07066032201290659,25.29,52600.0,1.01,1.000060836501901
California,2007,0.7592725376442213,37.76,78550.0,1.01,0.999882877148313
Colorado,2007,0.11932077439541099,29.76,61890.0,1.01,1.0001745031507514
Connecticut,2007,0.11228081611368229,32.16,66890.0,1.01,1.0000418597697711
Delaware,2007,0.02666058275210221,31.51,65550.0,1.01,0.9998596491228071
District Of Columbia,2007,0.02565021836907633,32.09,66750.0,1.01,0.999958052434457
Florida,2007,0.48217195749951114,28.58,59450.0,1.01,0.9999394449116904
Georgia,2007,0.20204028420572323,27.57,57350.0,1.01,0.9999232781168266
Hawaii,2007,0.030571670686395932,35.68,74220.0,1.01,0.9999245486391808
Idaho,2007,0.030506485887491035,25.94,53960.0,1.01,0.9999110452186805
Illinois,2007,0.33860243791147904,29.36,61060.0,1.01,1.0001441205371766
Indiana,2007,0.17772635421419725,26.44,54990.0,1.01,1.0000945626477542
Iowa,2007,0.09552832279512417,23.63,49140.0,1.01,1.00021164021164
Kansas,2007,0.07766768789518284,25.2,52420.0,1.01,0.9999236932468524
Kentucky,2007,0.12671924907111662,26.83,55800.0,1.01,1.0001146953405018
Louisiana,2007,0.12662147187275927,26.77,55670.0,1.01,1.0002083707562421
Maine,2007,0.044358255654781305,27.89,58010.0,1.01,1.0000206860886054
Maryland,2007,0.15839906133889578,33.89,70480.0,1.01,1.0001589103291713
Massachusetts,2007,0.25435108532690176,36.03,74940.0,1.01,1.0000320256204964
Michigan,2007,0.2745583729874193,29.34,61030.0,1.01,0.9999541209241357
Minnesota,2007,0.17094713512808812,32.46,67510.0,1.01,1.0001007258183974
Mississippi,2007,0.08183951502509615,25.67,53400.0,1.01,0.9998801498127341
Missouri,2007,0.1826803989309693,26.3,54710.0,1.01,0.9998903308353134
Montana,2007,0.0225539404210938,25.63,53320.0,1.01,0.9998199549887472
Nebraska,2007,0.057460400234665275,25.25,52520.0,1.01,1.0
Nevada,2007,0.04703083240988202,32.42,67430.0,1.01,1.0000533886993919
New Hampshire,2007,0.040707906916107164,28.32,58900.0,1.01,1.000095076400679
New Jersey,2007,0.25510071051430805,34.08,70900.0,1.01,0.9998081805359661
New Mexico,2007,0.03637311778893162,28.64,59570.0,1.01,1.0000201443679704
New York,2007,0.5434782608695652,33.47,69620.0,1.01,0.9999655271473714
North Carolina,2007,0.2602503096277948,26.89,55920.0,1.01,1.000200286123033
North Dakota,2007,0.02203246202985464,25.77,53610.0,1.01,0.9998433128147735
Ohio,2007,0.3737696369206701,27.56,57320.0,1.01,1.0000837404047453
Oklahoma,2007,0.08298024900593182,24.2,50330.0,1.01,1.0001192131929266
Oregon,2007,0.09601720878691089,32.33,67250.0,1.01,0.999946468401487
Pennsylvania,2007,0.4110879342937227,28.5,59280.0,1.01,1.0
Rhode Island,2007,0.03376572583273581,31.34,65190.0,1.01,0.99995704862709
South Carolina,2007,0.11342155009451796,26.84,55820.0,1.01,1.000128986026514
South Dakota,2007,0.03073463268365817,24.44,50830.0,1.01,1.0001023017902815
Tennessee,2007,0.17834560980379374,26.88,55910.0,1.01,1.0000071543552136
Texas,2007,0.513753992568933,28.71,59720.0,1.01,0.9999464166108507
Utah,2007,0.053549312300371556,27.01,56180.0,1.01,1.0000142399430403
Vermont,2007,0.017665080503226648,28.34,58950.0,1.01,0.9999525021204411
Virginia,2007,0.1874062968515742,28.54,59350.0,1.01,1.0002224094355519
Washington,2007,0.16188644808030767,32.42,67430.0,1.01,1.0000533886993919
West Virginia,2007,0.05452708428394498,24.53,51020.0,1.01,1.000047040376323
Wisconsin,2007,0.1644286552375986,28.84,59980.0,1.01,1.0001200400133379
Wyoming,2007,0.013069552180431524,25.38,52800.0,1.01,0.9998181818181818
Guam,2007,0.0008148099863111922,25.32,52670.0,1.01,0.9999164609834821
Puerto Rico,2007,0.0521478391239163,12.51,26020.0,1.01,1.0000307455803228
Alabama,2002,0.11319340329835083,21.21,44120.0,1.01,0.9999274705349049
Alaska,2002,0.016133237728961605,26.78,55700.0,1.01,1.0000430879712747
Arizona,2002,0.10498011863633401,23.94,49800.0,1.01,0.9999036144578314
Arkansas,2002,0.060035199791408644,19.8,41180.0,1.01,1.0000971345313259
California,2002,0.6710775047258979,29.01,60350.0,1.01,0.999847555923778
Colorado,2002,0.09442018121374096,23.47,48820.0,1.01,0.999950839819746
Connecticut,2002,0.10132976989765986,26.4,54910.0,1.01,1.0000364232380259
Delaware,2002,0.02030506485887491,25.9,53870.0,1.01,1.0000371264154446
District Of Columbia,2002,0.02551984877126654,26.68,55500.0,1.01,0.9998990990990991
Florida,2002,0.4229189752949612,22.62,47040.0,1.01,1.000204081632653
Georgia,2002,0.17942115898572453,22.53,46870.0,1.01,0.9998378493705996
Hawaii,2002,0.02424874519262108,27.55,57300.0,1.01,1.0000698080279233
Idaho,2002,0.03197314386285118,22.14,46050.0,1.01,1.0000260586319218
Illinois,2002,0.3195032918323447,22.71,47230.0,1.01,1.0001439762862587
Indiana,2002,0.16165830128414055,20.94,43550.0,1.01,1.0001194029850746
Iowa,2002,0.08946613649696891,19.14,39810.0,1.01,1.0000301431801055
Kansas,2002,0.080372857049736,19.84,41270.0,1.01,0.9999321541070996
Kentucky,2002,0.11404080568411447,21.03,43750.0,1.01,0.9998262857142858
Louisiana,2002,0.11827781761293267,21.72,45180.0,1.01,0.9999468791500663
Maine,2002,0.03865458575060296,22.3,46390.0,1.01,0.9998706617805562
Maryland,2002,0.15249983703800274,29.0,60320.0,1.01,1.0
Massachusetts,2002,0.23306824848445343,26.48,55080.0,1.01,0.9999709513435004
Michigan,2002,0.25233035656085,24.06,50040.0,1.01,1.0000959232613909
Minnesota,2002,0.16644938400365034,25.14,52290.0,1.01,1.0000229489386117
Mississippi,2002,0.074766964343915,20.7,43050.0,1.01,1.0001393728222996
Missouri,2002,0.16475457923212306,21.55,44830.0,1.01,0.9998661610528664
Montana,2002,0.024150967994263736,20.02,41630.0,1.01,1.0002786452077828
Nebraska,2002,0.05240857831953588,20.41,42460.0,1.01,0.9998304286387187
Nevada,2002,0.04074049931555961,25.54,53130.0,1.01,0.9998720120459251
New Hampshire,2002,0.037904960563196664,22.07,45910.0,1.01,0.9999041603136573
New Jersey,2002,0.23886969558698912,26.36,54820.0,1.01,1.0001605253557095
New Mexico,2002,0.03722052017469526,22.63,47070.0,1.01,1.0000084979817292
New York,2002,0.5324294374551855,26.97,56090.0,1.01,1.0001354965234444
North Carolina,2002,0.21527279838341698,22.29,46370.0,1.01,0.9998533534612897
North Dakota,2002,0.019359885274753928,20.67,42990.0,1.01,1.0000837404047453
Ohio,2002,0.3408187210742455,22.5,46810.0,1.01,0.999786370433668
Oklahoma,2002,0.06964995762988072,20.49,42620.0,1.01,0.9999812294697323
Oregon,2002,0.08516393976924581,24.96,51910.0,1.01,1.0001309959545368
Pennsylvania,2002,0.3820806987810443,23.05,47940.0,1.01,1.0000834376303713
Rhode Island,2002,0.03578645459878756,24.92,51830.0,1.01,1.000069457842948
South Carolina,2002,0.0924646372465941,22.99,47820.0,1.01,0.999983270598076
South Dakota,2002,0.02662799035264976,19.52,40600.0,1.01,1.000039408866995
Tennessee,2002,0.1720226843100189,22.25,46280.0,1.01,1.0
Texas,2002,0.4438432957434326,22.76,47340.0,1.01,1.000016899028306
Utah,2002,0.04426047845642396,22.54,46880.0,1.01,1.0000682593856653
Vermont,2002,0.016948047715272797,21.56,44850.0,1.01,0.9998840579710144
Virginia,2002,0.1647219868326706,22.89,47610.0,1.01,1.00002520478891
Washington,2002,0.1431132259956978,25.92,53920.0,1.01,0.9998813056379823
West Virginia,2002,0.05045303435238902,20.09,41800.0,1.01,0.9996937799043062
Wisconsin,2002,0.1509679942637377,23.0,47840.0,1.01,1.0
Wyoming,2002,0.01072289941985529,20.19,41980.0,1.01,1.0003620771796096
Guam,2002,0.00035851639397692456,19.38,40320.0,1.01,0.9997619047619047
Puerto Rico,2002,0.04357603806792256,10.59,22020.0,1.01,1.0003269754768391
Virgin Islands,2002,0.0002933315950720292,19.43,40420.0,1.01,0.9998614547253836
Alabama,2001,0.1129000717032788,20.44,42510.0,1.01,1.0001223241590214
Alaska,2001,0.014536210155791669,26.26,54620.0,1.01,1.000014646649579
Arizona,2001,0.09722312756665145,22.83,47480.0,1.01,1.0001347935973042
Arkansas,2001,0.05824261782152402,19.05,39630.0,1.01,0.9998485995457986
California,2001,0.6545531582035069,27.85,57940.0,1.01,0.9997928891957197
Colorado,2001,0.09543054559676684,22.78,47390.0,1.01,0.9998396286136316
Connecticut,2001,0.10132976989765986,25.55,53150.0,1.01,0.9998871119473188
Delaware,2001,0.019685809269278404,25.41,52860.0,1.01,0.9998637911464244
District Of Columbia,2001,0.02509614757838472,25.82,53700.0,1.01,1.0001042830540037
Florida,2001,0.46968906850922365,21.81,45370.0,1.01,0.9998853868194841
Georgia,2001,0.17922560458900985,21.84,45420.0,1.01,1.0001585204755614
Hawaii,2001,0.02568281076852878,27.1,56370.0,1.01,0.9999645201348235
Idaho,2001,0.03132129587380223,21.63,44990.0,1.01,1.0000088908646365
Illinois,2001,0.33452838797992307,22.52,46840.0,1.01,1.0000341588385995
Indiana,2001,0.15791017534710905,20.36,42350.0,1.01,0.9999716646989374
Iowa,2001,0.08715207613584512,18.81,39130.0,1.01,0.9998671096345514
Kansas,2001,0.071344762401408,19.39,40330.0,1.01,1.0000297545251675
Kentucky,2001,0.11097712013558438,20.29,42200.0,1.01,1.000075829383886
Louisiana,2001,0.11498598526823545,21.2,44100.0,1.01,0.9999092970521541
Maine,2001,0.03891532494622254,21.67,45080.0,1.01,0.9998580301685892
Maryland,2001,0.14519913956065444,27.29,56770.0,1.01,0.9998802184252246
Massachusetts,2001,0.2410533863503031,25.26,52550.0,1.01,0.9998249286393911
Michigan,2001,0.24936444821067727,23.32,48510.0,1.01,0.9999092970521543
Minnesota,2001,0.15921387132520695,24.21,50360.0,1.01,0.9999364575059572
Mississippi,2001,0.07199661039045695,19.85,41290.0,1.01,0.9999515621215791
Missouri,2001,0.16599309041131607,20.84,43350.0,1.01,0.9999354094579008
Montana,2001,0.02340134280685744,19.41,40360.0,1.01,1.000317145688801
Nebraska,2001,0.053353757903656866,19.83,41250.0,1.01,0.9999127272727272
Nevada,2001,0.040675314516654716,25.41,52860.0,1.01,0.9998637911464244
New Hampshire,2001,0.037481259370314844,21.35,44400.0,1.01,1.0001801801801802
New Jersey,2001,0.22918975294961216,25.9,53870.0,1.01,1.0000371264154446
New Mexico,2001,0.035102014210286164,21.74,45220.0,1.01,0.9999823087129587
New York,2001,0.5219346848314973,25.71,53470.0,1.01,1.000127174116327
North Carolina,2001,0.214034287204224,21.68,45090.0,1.01,1.0000975826125527
North Dakota,2001,0.019979140864350434,20.08,41760.0,1.01,1.0001532567049807
Ohio,2001,0.3460009125871847,21.78,45300.0,1.01,1.0000529801324505
Oklahoma,2001,0.06466332051365621,20.07,41740.0,1.01,1.000134163871586
Oregon,2001,0.08311061860374161,24.33,50610.0,1.01,0.9999288678126851
Pennsylvania,2001,0.369760771788019,22.32,46430.0,1.01,0.9999052336851174
Rhode Island,2001,0.036633856984551204,24.3,50550.0,1.01,0.9998813056379822
South Carolina,2001,0.08900984290463464,22.58,46960.0,1.01,1.0001362862010221
South Dakota,2001,0.026432435955935075,19.05,39630.0,1.01,0.9998485995457986
Tennessee,2001,0.16439606283814615,22.18,46130.0,1.01,1.0000953826143506
Texas,2001,0.4297307867805228,22.29,46360.0,1.01,1.0000690250215702
Utah,2001,0.04276122808161137,22.0,45760.0,1.01,1.0
Vermont,2001,0.01564435173717489,21.23,44160.0,1.01,0.9999637681159421
Virginia,2001,0.15777980574929926,22.13,46020.0,1.01,1.000225988700565
Washington,2001,0.13744214849097192,25.1,52200.0,1.01,1.000153256704981
West Virginia,2001,0.051267844338700214,19.53,40620.0,1.01,1.000059084194978
Wisconsin,2001,0.15465093540186428,22.47,46750.0,1.01,0.9997347593582886
Wyoming,2001,0.011081415813832214,19.04,39590.0,1.01,1.0003334175296792
Guam,2001,0.00032592399452447687,19.22,39970.0,1.01,1.0001901426069553
Puerto Rico,2001,0.04227234208982465,10.39,21610.0,1.01,1.000055529847293
Virgin Islands,2001,0.00045629359233426766,20.45,42530.0,1.01,1.0001410768869035
Alabama,2006,0.12961997262238445,24.63,51230.0,1.01,1.0000078079250438
Alaska,2006,0.01636138452512874,31.17,64830.0,1.01,1.000055529847293
Arizona,2006,0.10315494426699694,28.12,58480.0,1.01,1.0001641586867305
Arkansas,2006,0.0677270060621863,24.68,51330.0,1.01,1.0000857198519384
California,2006,0.7627273319861808,36.12,75130.0,1.01,0.9999946758951151
Colorado,2006,0.11172674532299068,28.18,58620.0,1.01,0.9999044694643466
Connecticut,2006,0.11234600091258719,30.87,64210.0,1.01,0.9999937704407413
Delaware,2006,0.024737631184407798,29.48,61310.0,1.01,1.000137008644593
District Of Columbia,2006,0.025063555178932273,30.35,63120.0,1.01,1.0001267427122942
Florida,2006,0.4760119940029985,27.26,56710.0,1.01,0.9998377711162053
Georgia,2006,0.19754253308128544,26.48,55070.0,1.01,1.0001525331396404
Hawaii,2006,0.030539078286943484,33.02,68680.0,1.01,1.000023296447292
Idaho,2006,0.02887686591486865,24.79,51550.0,1.01,1.0002560620756547
Illinois,2006,0.33524542076787694,27.21,56590.0,1.01,1.0001201625728928
Indiana,2006,0.17166416791604197,25.39,52810.0,1.01,1.0000227229691347
Iowa,2006,0.10038459031353889,22.61,47030.0,1.01,0.9999744843716776
Kansas,2006,0.07610325272146536,23.64,49170.0,1.01,1.0000244051250764
Kentucky,2006,0.12346000912587185,25.04,52080.0,1.01,1.0000614439324116
Louisiana,2006,0.12287334593572778,25.51,53070.0,1.01,0.9998266440550218
Maine,2006,0.04383677726354214,26.47,55060.0,1.01,0.9999564111877951
Maryland,2006,0.15422723420898246,32.87,68370.0,1.01,0.9999941494807664
Massachusetts,2006,0.24806075223257937,34.09,70910.0,1.01,0.9999605133267523
Michigan,2006,0.27586206896551724,28.7,59700.0,1.01,0.9999329983249581
Minnesota,2006,0.1608108988983769,30.83,64120.0,1.01,1.0000998128509044
Mississippi,2006,0.08102470503878495,24.1,50130.0,1.01,0.9999601037303012
Missouri,2006,0.18000782217586858,25.55,53150.0,1.01,0.9998871119473188
Montana,2006,0.02297764161397562,24.78,51550.0,1.01,0.9998525703200776
Nebraska,2006,0.05410338309106316,24.71,51410.0,1.01,0.9997432406146665
Nevada,2006,0.045010103643830256,30.36,63150.0,1.01,0.999980997624703
New Hampshire,2006,0.03976272733198618,26.54,55200.0,1.01,1.0000579710144926
New Jersey,2006,0.26103252721465353,32.02,66600.0,1.01,1.0000240240240241
New Mexico,2006,0.037285704973600155,27.4,57000.0,1.01,0.999859649122807
New York,2006,0.5368945961801708,31.92,66390.0,1.01,1.0000542250338906
North Carolina,2006,0.24170523433935207,25.85,53770.0,1.01,0.9999628045378464
North Dakota,2006,0.02170653803533016,24.38,50720.0,1.01,0.9998107255520505
Ohio,2006,0.3637311778893162,26.5,55130.0,1.01,0.9998186105568655
Oklahoma,2006,0.07978619385959194,23.31,48480.0,1.01,1.00009900990099
Oregon,2006,0.09076983247506681,30.66,63770.0,1.01,1.0000439077936334
Pennsylvania,2006,0.41027312430741153,27.42,57040.0,1.01,0.9998877980364657
Rhode Island,2006,0.033602763835473566,29.19,60710.0,1.01,1.0000856531049251
South Carolina,2006,0.10289420507137735,25.58,53210.0,1.01,0.9999323435444465
South Dakota,2006,0.029919822697346977,23.83,49560.0,1.01,1.0001291364003229
Tennessee,2006,0.17124046672316015,26.2,54490.0,1.01,1.0001101119471463
Texas,2006,0.5095821654390196,27.49,57180.0,1.01,0.9999860090940887
Utah,2006,0.05302783390913239,26.24,54590.0,1.01,0.9998021615680528
Vermont,2006,0.01834952089172805,25.47,52990.0,1.01,0.9997659935836949
Virginia,2006,0.17945375138517697,27.07,56310.0,1.01,0.9999218611259102
Washington,2006,0.15628055537448668,31.2,64900.0,1.01,0.9999383667180277
West Virginia,2006,0.0493448927710058,23.78,49470.0,1.01,0.999846371538306
Wisconsin,2006,0.15716055015970276,27.59,57380.0,1.01,1.0001254792610665
Wyoming,2006,0.012287334593572778,23.54,48960.0,1.01,1.000065359477124
Guam,2006,0.0008474023857636399,24.27,50490.0,1.01,0.9998336304218658
Puerto Rico,2006,0.04980118636334007,12.08,25130.0,1.01,0.9998567449263828
Virgin Islands,2006,0.0006518479890489537,22.39,46580.0,1.01,0.9998110777157578
Alabama,2003,0.11482302327097321,21.54,44800.0,1.01,1.0000714285714285
Alaska,2003,0.01580731373443713,26.76,55670.0,1.01,0.9998347404347045
Arizona,2003,0.10416530865002281,24.34,50620.0,1.01,1.000142236270249
Arkansas,2003,0.061110748973339415,20.36,42360.0,1.01,0.9997355996222851
California,2003,0.6715337983182322,29.94,62270.0,1.01,1.0000835073068894
Colorado,2003,0.09578906199074376,24.12,50160.0,1.01,1.0001913875598085
Connecticut,2003,0.10341568346261652,27.12,56400.0,1.01,1.0001702127659575
Delaware,2003,0.01984877126654064,26.81,55770.0,1.01,0.9999067599067598
District Of Columbia,2003,0.0239880059970015,27.02,56200.0,1.01,1.0000284697508897
Florida,2003,0.42702561762596963,23.05,47940.0,1.01,1.0000834376303713
Georgia,2003,0.1824196597353497,22.9,47630.0,1.01,1.0000419903422213
Hawaii,2003,0.02385763639919171,28.12,58490.0,1.01,0.999993161224141
Idaho,2003,0.0324620298546379,22.84,47500.0,1.01,1.0001515789473685
Illinois,2003,0.32605436412228667,23.17,48200.0,1.01,0.9998672199170126
Indiana,2003,0.15970275731699368,21.26,44220.0,1.01,1.000018091361375
Iowa,2003,0.08728244573365491,19.74,41050.0,1.01,1.0002241169305723
Kansas,2003,0.080372857049736,20.48,42600.0,1.01,0.999962441314554
Kentucky,2003,0.11609412684961867,21.78,45300.0,1.01,1.0000529801324505
Louisiana,2003,0.12127631836255785,22.37,46530.0,1.01,0.9999914033956588
Maine,2003,0.037481259370314844,22.95,47730.0,1.01,1.0001257071024514
Maryland,2003,0.153901310214458,29.77,61920.0,1.01,1.0000258397932815
Massachusetts,2003,0.24604002346652762,27.72,57650.0,1.01,1.000131830008673
Michigan,2003,0.24649631705886188,24.52,51000.0,1.01,1.0000313725490195
Minnesota,2003,0.1635486604523825,25.94,53950.0,1.01,1.0000963855421687
Mississippi,2003,0.0775699106968255,21.15,43990.0,1.01,1.0000454648783814
Missouri,2003,0.162929404862786,21.92,45600.0,1.01,0.9998596491228071
Montana,2003,0.024509484388240663,20.13,41860.0,1.01,1.0002484472049689
Nebraska,2003,0.05322338830584707,20.9,43480.0,1.01,0.9998160073597055
Nevada,2003,0.04611824522521348,26.81,55770.0,1.01,0.9999067599067598
New Hampshire,2003,0.03780718336483932,22.74,47300.0,1.01,0.999983086680761
New Jersey,2003,0.23600156443517373,27.06,56290.0,1.01,0.9999076212471131
New Mexico,2003,0.03650348738674141,23.26,48380.0,1.01,1.000016535758578
New York,2003,0.5411967929078939,27.84,57900.0,1.01,1.0001243523316063
North Carolina,2003,0.21967277230949742,23.06,47970.0,1.01,0.9998915989159891
North Dakota,2003,0.01945766247311127,21.19,44070.0,1.01,1.0001179941002951
Ohio,2003,0.3347239423766378,23.02,47890.0,1.01,0.9998245980371686
Oklahoma,2003,0.07000847402385764,20.75,43160.0,1.01,1.0
Oregon,2003,0.08415357538621994,25.49,53010.0,1.01,1.0001735521599697
Pennsylvania,2003,0.3853073463268366,23.75,49390.0,1.01,1.000202470135655
Rhode Island,2003,0.03454794341959455,25.54,53130.0,1.01,0.9998720120459251
South Carolina,2003,0.09468092040936053,23.22,48300.0,1.01,0.9999503105590062
South Dakota,2003,0.02568281076852878,19.62,40800.0,1.01,1.0002352941176471
Tennessee,2003,0.1601264585098755,22.96,47760.0,1.01,0.9999329983249582
Texas,2003,0.43879147382830325,23.57,49020.0,1.01,1.0001142390860873
Utah,2003,0.0429893748777785,23.08,48010.0,1.01,0.9999250156217454
Vermont,2003,0.017241379310344827,22.18,46130.0,1.01,1.0000953826143506
Virginia,2003,0.1661560524085783,23.58,49050.0,1.01,0.999926605504587
Washington,2003,0.14578580275079853,26.7,55540.0,1.01,0.9999279798343536
West Virginia,2003,0.051854507528844275,21.05,43780.0,1.01,1.0000913659205117
Wisconsin,2003,0.1492731894922104,23.65,49180.0,1.01,1.0002440016266774
Wyoming,2003,0.010885861417117528,20.84,43350.0,1.01,0.9999354094579008
Guam,2003,0.0,18.93,39370.0,1.01,1.0001117602235203
Puerto Rico,2003,0.045042696043282704,10.72,22300.0,1.01,0.9998923766816143
Virgin Islands,2003,0.00032592399452447687,18.48,38430.0,1.01,1.0002185792349727
Alabama,2005,0.1206896551724138,23.48,48840.0,1.01,0.99996723996724
Alaska,2005,0.01567694413662734,29.24,60820.0,1.01,0.9999868464320946
Arizona,2005,0.10028681311518153,27.06,56280.0,1.01,1.0000852878464819
Arkansas,2005,0.06521739130434782,23.37,48620.0,1.01,0.9997860962566846
California,2005,0.7369467440192947,33.86,70430.0,1.01,0.9999829618060486
Colorado,2005,0.10693566260348086,27.09,56340.0,1.01,1.0001277955271566
Connecticut,2005,0.11042304934489278,29.8,61990.0,1.01,0.9999032101951928
Delaware,2005,0.024346522390978422,28.01,58260.0,1.01,1.0000137315482323
District Of Columbia,2005,0.026399843556482627,28.43,59130.0,1.01,1.0000744123118552
Florida,2005,0.4514699172153054,25.57,53190.0,1.01,0.9999172776837753
Georgia,2005,0.19385959194315885,25.2,52430.0,1.01,0.9997329773030706
Hawaii,2005,0.02933315950720292,31.49,65490.0,1.01,1.0001404794625133
Idaho,2005,0.029822045498989636,23.78,49460.0,1.01,1.0000485240598465
Illinois,2005,0.3333224692001825,25.71,53470.0,1.01,1.000127174116327
Indiana,2005,0.16977380874780001,24.05,50020.0,1.01,1.000079968012795
Iowa,2005,0.09679942637376963,21.79,45330.0,1.01,0.9998499889697772
Kansas,2005,0.08177433022619125,22.59,46990.0,1.01,0.9999404128537986
Kentucky,2005,0.12215631314777393,24.22,50370.0,1.01,1.0001508834623785
Louisiana,2005,0.12799035264976208,24.5,50950.0,1.01,1.0001962708537782
Maine,2005,0.042663450883254024,25.4,52840.0,1.01,0.9998485995457986
Maryland,2005,0.1589531321295874,32.37,67330.0,1.01,0.9999940591118371
Massachusetts,2005,0.24975555700410665,31.85,66250.0,1.01,0.9999698113207547
Michigan,2005,0.2644221367577081,27.5,57190.0,1.01,1.0001748557440113
Minnesota,2005,0.16019164330878038,29.09,60500.0,1.01,1.0001190082644629
Mississippi,2005,0.0838602437911479,23.3,48460.0,1.01,1.0000825423029303
Missouri,2005,0.1733915650870217,24.35,50650.0,1.01,0.9999605133267522
Montana,2005,0.023629489603024575,23.3,48460.0,1.01,1.0000825423029303
Nebraska,2005,0.05286487191187015,24.04,50000.0,1.01,1.0000639999999998
Nevada,2005,0.044781956847663125,28.68,59660.0,1.01,0.9999061347636607
New Hampshire,2005,0.039013102144579884,25.64,53340.0,1.01,0.9998350206224221
New Jersey,2005,0.26302066358125287,30.32,63070.0,1.01,0.9999302362454416
New Mexico,2005,0.03562349260152532,26.15,54380.0,1.01,1.0002206693637365
New York,2005,0.534939052213024,30.29,63010.0,1.01,0.9998920806221234
North Carolina,2005,0.23430675966364645,24.99,51970.0,1.01,1.00017702520685
North Dakota,2005,0.021185059644091,23.13,48110.0,1.01,1.0000083142797753
Ohio,2005,0.3466527605762336,25.55,53150.0,1.01,0.9998871119473188
Oklahoma,2005,0.07962323186232971,22.69,47200.0,1.01,0.9998983050847458
Oregon,2005,0.09037872368163745,28.98,60270.0,1.01,1.0001393728222996
Pennsylvania,2005,0.40222280164265695,25.98,54040.0,1.01,0.9999703923019986
Rhode Island,2005,0.033830910631640704,28.08,58400.0,1.01,1.0001095890410958
South Carolina,2005,0.10077569910696825,25.03,52060.0,1.01,1.0000461006530927
South Dakota,2005,0.028681311518153965,22.84,47500.0,1.01,1.0001515789473685
Tennessee,2005,0.16899159116094126,24.64,51250.0,1.01,1.0000234146341465
Texas,2005,0.48794081220259433,26.35,54810.0,1.01,0.9999635103083379
Utah,2005,0.049898963561697415,25.24,52490.0,1.01,1.0001752714802818
Vermont,2005,0.017339156508702172,24.07,50060.0,1.01,1.0001118657610866
Virginia,2005,0.17472785346457206,26.19,54480.0,1.01,0.9999118942731278
Washington,2005,0.15543315298872304,29.91,62220.0,1.01,0.999884281581485
West Virginia,2005,0.05019229515676944,23.24,48340.0,1.01,0.9999834505585435
Wisconsin,2005,0.1536405710188384,26.47,55060.0,1.01,0.9999564111877951
Wyoming,2005,0.012059187797405646,23.18,48210.0,1.01,1.0000912673719144
Guam,2005,0.0008148099863111922,23.12,48080.0,1.01,1.0001996672212978
Puerto Rico,2005,0.048008604393455445,11.67,24270.0,1.01,1.000148331273177
Virgin Islands,2005,0.0005540707906916108,21.63,44990.0,1.01,1.0000088908646365
Alabama,2004,0.12114594876474806,22.04,45830.0,1.01,1.000288020946978
Alaska,2004,0.015351020142102862,28.77,59830.0,1.01,1.000193882667558
Arizona,2004,0.10504530343523891,25.47,52980.0,1.01,0.9999546998867497
Arkansas,2004,0.06450035851639398,22.07,45900.0,1.01,1.0001220043572985
California,2004,0.7265823609934163,32.17,66920.0,1.01,0.9999043634190079
Colorado,2004,0.09604980118636335,25.88,53830.0,1.01,1.0000074308006688
Connecticut,2004,0.10471937944071442,28.86,60040.0,1.01,0.9998134576948701
Delaware,2004,0.0239880059970015,27.23,56650.0,1.01,0.9997952338923213
District Of Columbia,2004,0.02395541359754905,27.62,57440.0,1.01,1.00016713091922
Florida,2004,0.4242552636725116,24.38,50710.0,1.01,1.0000078879905343
Georgia,2004,0.19193664037546443,23.88,49680.0,1.01,0.9998067632850242
Hawaii,2004,0.025161332377289618,29.29,60920.0,1.01,1.0000525279054497
Idaho,2004,0.03269017665080503,22.4,46600.0,1.01,0.9998283261802575
Illinois,2004,0.3262173261195489,23.93,49770.0,1.01,1.000088406670685
Indiana,2004,0.15830128414053843,22.55,46900.0,1.01,1.0000852878464819
Iowa,2004,0.09686461117267453,20.85,43370.0,1.01,0.9999538851740835
Kansas,2004,0.0833061730004563,22.11,45990.0,1.01,0.9999739073711676
Kentucky,2004,0.11795189361840819,23.1,48050.0,1.01,0.9999583766909469
Louisiana,2004,0.1267844338700215,23.47,48820.0,1.01,0.999950839819746
Maine,2004,0.04269604328270647,24.49,50940.0,1.01,0.9999842952493128
Maryland,2004,0.15771462095039437,31.12,64720.0,1.01,1.0001483312731767
Massachusetts,2004,0.2438563327032136,30.05,62490.0,1.01,1.0002240358457353
Michigan,2004,0.2577406948699563,26.11,54320.0,1.01,0.9997938144329896
Minnesota,2004,0.156378332572844,27.47,57130.0,1.01,1.0001330299317346
Mississippi,2004,0.0833061730004563,22.44,46680.0,1.01,0.9998971722365039
Missouri,2004,0.17401082067661822,23.18,48220.0,1.01,0.999883865615927
Montana,2004,0.024020598396453947,22.15,46070.0,1.01,1.000043412198828
Nebraska,2004,0.055733003063685546,22.92,47680.0,1.01,0.9998657718120806
Nevada,2004,0.04540121243725963,27.65,57510.0,1.01,1.0000347765605981
New Hampshire,2004,0.03780718336483932,24.16,50250.0,1.01,1.0000557213930348
New Jersey,2004,0.24216152793168633,28.76,59810.0,1.01,1.000180571810734
New Mexico,2004,0.0388175477478652,24.85,51690.0,1.01,0.999961307796479
New York,2004,0.539599765334724,29.17,60680.0,1.01,0.9998945286750165
North Carolina,2004,0.22941789974577928,23.83,49580.0,1.01,0.9997256958450988
North Dakota,2004,0.02017469526106512,21.82,45400.0,1.01,0.99968281938326
Ohio,2004,0.34114464506876996,24.31,50560.0,1.01,1.0000949367088607
Oklahoma,2004,0.07268105077895835,21.75,45230.0,1.01,1.0002210921954455
Oregon,2004,0.08438172218238707,27.11,56400.0,1.01,0.9998014184397163
Pennsylvania,2004,0.3970732025291702,25.37,52770.0,1.01,0.9999924199355695
Rhode Island,2004,0.034026465028355386,26.62,55360.0,1.01,1.0001734104046243
South Carolina,2004,0.09738608956391369,24.36,50660.0,1.01,1.0001737070667194
South Dakota,2004,0.028420572322534386,21.83,45410.0,1.01,0.9999207223078616
Tennessee,2004,0.16941529235382308,23.3,48460.0,1.01,1.0000825423029303
Texas,2004,0.46734241574864743,25.32,52670.0,1.01,0.9999164609834821
Utah,2004,0.04416270125806662,24.35,50650.0,1.01,0.9999605133267522
Vermont,2004,0.017795450101036437,22.94,47720.0,1.01,0.9998994132439228
Virginia,2004,0.17511896225800144,24.62,51200.0,1.01,1.0001875
Washington,2004,0.14356951958803207,28.17,58600.0,1.01,0.9998907849829352
West Virginia,2004,0.0493448927710058,22.54,46890.0,1.01,0.9998549797398166
Wisconsin,2004,0.14875171110097124,25.26,52550.0,1.01,0.9998249286393911
Wyoming,2004,0.011146600612737109,21.8,45340.0,1.01,1.000088222320247
Guam,2004,0.0008148099863111922,22.82,47460.0,1.01,1.000117994100295
Puerto Rico,2004,0.046509354018642854,11.13,23140.0,1.01,1.0004494382022473
Virgin Islands,2004,0.0007496251874062968,20.03,41670.0,1.01,0.9998176145908327
Alabama,2016,0.15383612541555308,27.36,56900.0,1.22,1.0001546572934974
Alaska,2016,0.017371748908154617,41.56,86450.0,0.85,0.9999398496240602
Arizona,2016,0.17068639593246854,35.31,73430.0,0.97,1.0002015524989787
Arkansas,2016,0.07541881233296395,27.71,57630.0,0.96,1.000117994100295
California,2016,0.894368033374617,48.92,101750.0,0.85,1.0000353808353808
Colorado,2016,0.1543250114073398,33.92,70550.0,0.93,1.0000510276399717
Connecticut,2016,0.1065445538100515,37.63,78270.0,0.97,1.0000051105148844
Delaware,2016,0.03611237859331204,34.05,70820.0,1.26,1.0000564812199944
District Of Columbia,2016,0.03285313864806727,38.7,80500.0,0.72,0.9999503105590062
Florida,2016,0.5686395932468549,31.07,64630.0,1.04,0.999931920160916
Georgia,2016,0.23821784759794015,31.13,64750.0,0.86,1.0000061776061775
Hawaii,2016,0.03604719379440714,42.75,88910.0,0.88,1.0001124732875941
Idaho,2016,0.039404210938009256,30.04,62470.0,0.91,1.0002113014246838
Illinois,2016,0.3957695065510723,34.08,70890.0,1.01,0.9999492170969108
Indiana,2016,0.20738543771592466,28.87,60050.0,1.05,0.9999933388842632
Iowa,2016,0.10471937944071442,27.06,56290.0,1.04,0.9999076212471131
Kansas,2016,0.08764096212763184,28.01,58260.0,0.97,1.0000137315482323
Kentucky,2016,0.14751319992177825,28.76,59810.0,1.2,1.000180571810734
Louisiana,2016,0.145166547161202,30.47,63370.0,1.14,1.000119930566514
Maine,2016,0.045466397236164524,30.67,63800.0,1.17,0.9998996865203762
Maryland,2016,0.17303304869304478,35.92,74710.0,0.99,1.000048186320439
Massachusetts,2016,0.2767094713512809,42.82,89060.0,1.21,1.0000628789580057
Michigan,2016,0.301251548138974,33.22,69100.0,1.08,0.9999652677279305
Minnesota,2016,0.20073658822762533,35.55,73940.0,1.08,1.00005409791723
Mississippi,2016,0.0923994524476892,27.41,57010.0,1.26,1.0000491141904928
Missouri,2016,0.22058535949416597,29.25,60830.0,1.21,1.0001643925694559
Montana,2016,0.03115833387653999,30.91,64300.0,1.06,0.9998880248833591
Nebraska,2016,0.06844403885014015,29.02,60370.0,1.08,0.9998608580420739
Nevada,2016,0.06521739130434782,40.28,83790.0,0.78,0.9999092970521543
New Hampshire,2016,0.04243530408708689,33.02,68680.0,1.01,1.000023296447292
New Jersey,2016,0.2580014340655759,38.74,80580.0,0.99,0.9999900719781585
New Mexico,2016,0.05201746952610651,33.02,68670.0,0.99,1.0001689238386486
New York,2016,0.5882602177172284,38.86,80830.0,0.98,0.9999851540269703
North Carolina,2016,0.32204549898963564,29.49,61330.0,1.15,1.000150008152617
North Dakota,2016,0.027605762336223194,29.25,60840.0,1.01,1.0
Ohio,2016,0.416498272602829,30.75,63960.0,1.18,1.0
Oklahoma,2016,0.08936835929861156,29.15,60630.0,0.86,1.0000329869701468
Oregon,2016,0.11400821328466201,41.83,87000.0,0.97,1.0000735632183906
Pennsylvania,2016,0.4538165699758816,33.06,68770.0,1.19,0.9999243856332704
Rhode Island,2016,0.0388175477478652,36.15,75200.0,1.26,0.9998936170212765
South Carolina,2016,0.1354540121243726,30.51,63470.0,1.04,0.9998550496297464
South Dakota,2016,0.038752362948960305,26.89,55920.0,1.43,1.000200286123033
Tennessee,2016,0.19503291832344696,28.08,58410.0,1.02,0.9999383667180276
Texas,2016,0.6765204354344567,33.84,70390.0,0.87,0.9999602216223896
Utah,2016,0.06919366403754644,29.98,62360.0,0.77,0.9999743425272611
Vermont,2016,0.018284336092823154,32.59,67780.0,0.94,1.0001062260253764
Virginia,2016,0.2072224757186624,32.05,66670.0,0.83,0.999910004499775
Washington,2016,0.1796167133824392,38.52,80120.0,0.89,1.0000199700449328
West Virginia,2016,0.06727071246985203,28.55,59380.0,1.47,1.0000673627484002
Wisconsin,2016,0.1798122677791539,32.66,67930.0,0.97,1.0000412189018106
Wyoming,2016,0.015416204941007757,30.28,62980.0,0.88,1.0000381073356621
Guam,2016,0.000521478391239163,25.43,52890.0,0.32,1.0000831915295896
Puerto Rico,2016,0.056156704256567366,16.73,34810.0,0.97,0.9996667624245906
Virgin Islands,2016,0.00022814679616713383,25.45,52930.0,0.41,1.0001133572643113
Alabama,2017,0.15986571931425592,27.83,57890.0,1.26,0.9999378130937985
Alaska,2017,0.017371748908154617,42.07,87510.0,0.86,0.9999497200319963
Arizona,2017,0.17727006062186298,36.11,75110.0,0.99,0.9999840234322994
Arkansas,2017,0.07867805227820872,28.28,58810.0,1.0,1.000210848495154
California,2017,0.919268626556287,49.37,102700.0,0.83,0.9998987341772151
Colorado,2017,0.16002868131151815,34.89,72570.0,0.95,1.0000165357585777
Connecticut,2017,0.11104230493448927,38.56,80200.0,1.02,1.000059850374065
Delaware,2017,0.03709015057688547,35.18,73180.0,1.29,0.9999234763596612
District Of Columbia,2017,0.035069421810833716,43.32,90110.0,0.76,0.9999511707912551
Florida,2017,0.5804380418486409,31.2,64890.0,1.04,1.000092464170134
Georgia,2017,0.24366077830649893,32.09,66750.0,0.85,0.999958052434457
Hawaii,2017,0.03441757382178476,46.63,96990.0,0.84,1.000004124136509
Idaho,2017,0.042630858483801576,31.02,64520.0,0.95,1.0000247985120891
Illinois,2017,0.4004302196727723,34.66,72090.0,1.02,1.0000388403384657
Indiana,2017,0.22257349586076527,30.02,62450.0,1.11,0.9998654923939152
Iowa,2017,0.10768528779088717,27.85,57930.0,1.06,0.9999654755739685
Kansas,2017,0.09340981683071507,28.82,59940.0,1.04,1.0000934267600934
Kentucky,2017,0.14396062838146145,29.58,61530.0,1.16,0.9999414919551437
Louisiana,2017,0.1490450426960433,30.56,63560.0,1.19,1.000075519194462
Maine,2017,0.04549898963561697,31.68,65890.0,1.16,1.0000667779632721
Maryland,2017,0.17423896747278533,36.18,75250.0,0.99,1.0000584717607974
Massachusetts,2017,0.26931099667557523,42.95,89330.0,1.15,1.000067166685324
Michigan,2017,0.3058796688612216,33.23,69120.0,1.08,0.9999768518518517
Minnesota,2017,0.20956912847923864,37.28,77540.0,1.12,1.00003095176683
Mississippi,2017,0.09295352323838081,27.74,57700.0,1.26,0.9999861351819757
Missouri,2017,0.23417639006583665,30.43,63300.0,1.27,0.999911532385466
Montana,2017,0.03216869825956587,31.87,66280.0,1.08,1.00014484007242
Nebraska,2017,0.07375659996088912,29.91,62210.0,1.16,1.0000450088410224
Nevada,2017,0.06785737565999608,40.86,84980.0,0.79,1.0001035537773593
New Hampshire,2017,0.042207157290919756,33.67,70040.0,1.0,0.9999086236436323
New Jersey,2017,0.2617821524020598,39.43,82010.0,0.99,1.0000536519936594
New Mexico,2017,0.05231080112117854,33.58,69840.0,1.0,1.0000916380297822
New York,2017,0.5864350433478913,40.12,83450.0,0.96,0.9999952067106052
North Carolina,2017,0.32256697738087475,30.08,62560.0,1.13,1.0001023017902813
North Dakota,2017,0.028616126719249072,30.35,63140.0,1.06,0.9998099461514096
Ohio,2017,0.40538426438954434,31.49,65500.0,1.14,0.9999877862595419
Oklahoma,2017,0.09047650087999479,29.63,61640.0,0.87,0.9998442569759897
Oregon,2017,0.11374747408904244,42.68,88770.0,0.94,1.0000495662949196
Pennsylvania,2017,0.46571279577602503,33.57,69820.0,1.21,1.000080206244629
Rhode Island,2017,0.03774199856593442,36.85,76650.0,1.22,0.9999739073711676
South Carolina,2017,0.14001694804771528,30.59,63630.0,1.05,0.9999559955995599
South Dakota,2017,0.040056058927058213,27.41,57010.0,1.47,1.0000491141904928
Tennessee,2017,0.1926536731634183,28.87,60050.0,1.0,0.9999933388842632
Texas,2017,0.6909262759924386,34.65,72070.0,0.88,1.0000277507978355
Utah,2017,0.06876996284466462,30.31,63050.0,0.74,0.9999175257731958
Vermont,2017,0.019653216869825955,33.44,69560.0,1.01,0.9999309948246118
Virginia,2017,0.20865654129457012,32.69,67990.0,0.83,1.000076481835564
Washington,2017,0.18460335049866372,38.37,79810.0,0.88,0.9999949880967297
West Virginia,2017,0.06573886969558698,29.03,60380.0,1.45,1.0000397482610137
Wisconsin,2017,0.18153966495013363,33.27,69200.0,0.97,1.0000231213872834
Wyoming,2017,0.015220650544293071,31.2,64900.0,0.9,0.9999383667180277
Puerto Rico,2017,0.06143667296786389,16.65,34630.0,1.07,1.000057753393012
Alabama,2011,0.14718727592725375,27.81,57840.0,1.18,1.0000829875518673
Alaska,2011,0.017013232514177693,39.46,82080.0,0.82,0.9999610136452243
Arizona,2011,0.1449384003650349,34.78,72340.0,0.88,1.000033176665745
Arkansas,2011,0.07597288312365556,27.4,56990.0,0.97,1.0000350938761187
California,2011,0.8147773939117398,43.68,90860.0,0.84,0.9999383667180277
Colorado,2011,0.13776807248549638,33.02,68670.0,0.92,1.0001689238386486
Connecticut,2011,0.11759337722443126,36.47,75850.0,1.06,1.0001001977587343
Delaware,2011,0.03347239423766378,34.64,72060.0,1.23,0.9998778795448239
District Of Columbia,2011,0.034026465028355386,36.13,75160.0,0.78,0.9998722724853646
Florida,2011,0.5363405253894792,30.78,64020.0,1.08,1.000037488284911
Georgia,2011,0.21185059644090998,29.98,62370.0,0.81,0.9998140131473465
Hawaii,2011,0.03249462225409035,40.36,83950.0,0.83,0.9999857057772484
Idaho,2011,0.03722052017469526,30.13,62670.0,0.93,1.0000063826392211
Illinois,2011,0.4026139104360863,32.31,67190.0,1.05,1.000220270873642
Indiana,2011,0.19852030506485888,28.08,58410.0,1.04,0.9999383667180276
Iowa,2011,0.10752232579362493,25.62,53300.0,1.08,0.9998048780487805
Kansas,2011,0.09106316407013884,28.25,58750.0,1.01,1.0001702127659575
Kentucky,2011,0.14526432435955935,28.86,60040.0,1.22,0.9998134576948701
Louisiana,2011,0.1323251417769376,30.86,64190.0,1.05,0.999981305499299
Maine,2011,0.04748712600221628,31.78,66100.0,1.21,1.0000363086232982
Maryland,2011,0.1609412684961867,36.29,75490.0,0.94,0.9999099218439528
Massachusetts,2011,0.28290202724724595,41.74,86810.0,1.3,1.000105978573897
Michigan,2011,0.2914738283032397,31.46,65430.0,1.1,1.000103927861837
Minnesota,2011,0.18388631771070987,35.7,74250.0,1.03,1.0000808080808081
Mississippi,2011,0.0958216543901962,28.59,59480.0,1.3,0.9997848016139879
Missouri,2011,0.21964017991004497,28.66,59620.0,1.23,0.9998792351559879
Montana,2011,0.027573169936770746,28.94,60190.0,0.96,1.0000863930885528
Nebraska,2011,0.06169741216348348,27.91,58060.0,1.0,0.9998759903548053
Nevada,2011,0.0528974643113226,37.42,77840.0,0.7,0.9999177800616651
New Hampshire,2011,0.044358255654781305,31.38,65280.0,1.07,0.9998529411764706
New Jersey,2011,0.2540251613323773,36.76,76460.0,0.98,1.0000104629871827
New Mexico,2011,0.0494100775699107,32.05,66660.0,0.93,1.0000600060006
New York,2011,0.5734306759663647,36.23,75370.0,0.98,0.9998460926097917
North Carolina,2011,0.29678638941398866,29.31,60960.0,1.13,1.0000787401574802
North Dakota,2011,0.028420572322534386,27.69,57600.0,1.13,0.9999166666666667
Ohio,2011,0.405938335180236,29.67,61710.0,1.18,1.0000583373845406
Oklahoma,2011,0.09142168046411576,26.99,56130.0,0.89,1.0001639052200249
Oregon,2011,0.1001238511179193,37.12,77220.0,0.92,0.9998653198653198
Pennsylvania,2011,0.42533081285444235,32.28,67140.0,1.11,1.000035746201966
Rhode Island,2011,0.039436803337461704,34.96,72720.0,1.29,0.99995599559956
South Carolina,2011,0.13822436607783065,29.5,61350.0,1.13,1.000162999185004
South Dakota,2011,0.03546053060426309,26.78,55710.0,1.33,0.9998635792496859
Tennessee,2011,0.19662994589661692,29.16,60660.0,1.1,0.9998813056379822
Texas,2011,0.6018186558894466,32.49,67580.0,0.84,0.9999881621781593
Utah,2011,0.06146926536731634,29.59,61540.0,0.77,1.0001169970750732
Vermont,2011,0.019979140864350434,31.35,65210.0,1.03,0.9999693298573838
Virginia,2011,0.20197509940681832,31.59,65710.0,0.82,0.9999573885253387
Washington,2011,0.17681376702952872,35.98,74840.0,0.94,0.9999786210582574
West Virginia,2011,0.05879668861221563,27.32,56820.0,1.23,1.0000985568461809
Wisconsin,2011,0.18313669252330356,31.15,64800.0,1.0,0.9998765432098765
Wyoming,2011,0.014862134150316146,29.29,60930.0,0.83,0.9998883965205974
Guam,2011,0.0006844403885014014,25.1,52210.0,0.36,0.9999616931622295
Puerto Rico,2011,0.058731503813310736,15.63,32510.0,0.92,1.0000123039064903
Virgin Islands,2011,0.0002607391956195815,26.76,55670.0,0.35,0.9998347404347045
Alabama,2014,0.14158138322143277,27.15,56470.0,1.18,1.000035417035594
Alaska,2014,0.01805618929665602,41.22,85740.0,0.89,0.9999720083974807
Arizona,2014,0.1524672446385503,34.28,71300.0,0.94,1.0000336605890603
Arkansas,2014,0.0734632683658171,27.15,56480.0,0.99,0.9998583569405098
California,2014,0.8248158529430937,47.31,98400.0,0.84,1.0000487804878049
Colorado,2014,0.14383025878365166,33.46,69600.0,0.94,0.9999540229885058
Connecticut,2014,0.10931490776350955,36.71,76370.0,1.03,0.9998271572607045
Delaware,2014,0.032103513460660975,33.73,70160.0,1.2,0.9999771949828961
District Of Columbia,2014,0.035167199009191054,38.48,80040.0,0.82,0.9999800099950024
Florida,2014,0.5335701714360211,30.15,62720.0,1.08,0.9998724489795918
Georgia,2014,0.220878691089238,29.98,62350.0,0.86,1.0001347233360063
Hawaii,2014,0.03392868782999804,42.42,88230.0,0.87,1.0000408024481469
Idaho,2014,0.03797014536210156,29.0,60320.0,0.95,1.0
Illinois,2014,0.3629489603024575,32.71,68030.0,0.97,1.0000999559018082
Indiana,2014,0.19350107554918194,28.32,58900.0,1.03,1.000095076400679
Iowa,2014,0.1030571670686396,25.97,54020.0,1.06,0.9999555720103664
Kansas,2014,0.08519653216869826,27.31,56800.0,0.98,1.0000845070422535
Kentucky,2014,0.14177693761814744,27.87,57980.0,1.22,0.9998206278026907
Louisiana,2014,0.1310866305977446,28.96,60230.0,1.06,1.0001129005478997
Maine,2014,0.04634639202138061,30.44,63320.0,1.24,0.9999241945672773
Maryland,2014,0.15497685939638875,34.72,72210.0,0.94,1.000105248580529
Massachusetts,2014,0.2596636464376507,41.23,85770.0,1.21,0.9998647545761922
Michigan,2014,0.2936575190665537,32.3,67180.0,1.12,1.0000595415302174
Minnesota,2014,0.1817352193468483,34.35,71450.0,1.03,0.9999720083974808
Mississippi,2014,0.09070464767616192,27.19,56560.0,1.29,0.9999151343705799
Missouri,2014,0.21840166873085196,27.9,58040.0,1.26,0.9998621640248104
Montana,2014,0.03018056189296656,29.72,61810.0,1.08,1.0001229574502508
Nebraska,2014,0.06453295091584642,27.67,57550.0,1.07,1.0000625543006083
Nevada,2014,0.05928557460400235,38.58,80240.0,0.78,1.0000797607178464
New Hampshire,2014,0.039599765334723945,31.63,65790.0,0.99,1.0000060799513604
New Jersey,2014,0.24949481780848706,37.66,78330.0,1.0,1.000035746201966
New Mexico,2014,0.04787823479564565,31.63,65790.0,0.95,1.0000060799513604
New York,2014,0.5518545075288442,37.07,77110.0,0.97,0.9999429386590585
North Carolina,2014,0.28951828433609283,28.86,60030.0,1.11,0.9999800099950025
North Dakota,2014,0.02424874519262108,27.94,58120.0,0.88,0.9999174122505162
Ohio,2014,0.4127501466657975,30.04,62490.0,1.23,0.9998911825892143
Oklahoma,2014,0.08522912456815071,27.8,57830.0,0.84,0.9998962476223413
Oregon,2014,0.10041718271299133,39.87,82940.0,0.93,0.9998746081504701
Pennsylvania,2014,0.41884492536340523,32.01,66570.0,1.15,1.0001622352410995
Rhode Island,2014,0.03767681376702953,36.3,75510.0,1.28,0.9999205403257847
South Carolina,2014,0.13372661495339286,28.69,59670.0,1.11,1.0000871459694989
South Dakota,2014,0.03709015057688547,25.95,53970.0,1.43,1.0001111728738188
Tennessee,2014,0.1803011537709406,27.42,57030.0,1.02,1.0000631246712257
Texas,2014,0.619027442800339,32.98,68590.0,0.85,1.0001224668318995
Utah,2014,0.06293592334267649,29.37,61100.0,0.77,0.9998297872340426
Vermont,2014,0.020533211655042044,30.92,64320.0,1.09,0.9999004975124378
Virginia,2014,0.20357212697998828,30.71,63880.0,0.86,0.9999499060738887
Washington,2014,0.16739456358777133,37.76,78540.0,0.9,1.0000101858925388
West Virginia,2014,0.061534450166221236,27.11,56390.0,1.36,0.9999787196311403
Wisconsin,2014,0.18587445407730918,31.54,65590.0,1.06,1.0002012501905777
Wyoming,2014,0.015025096147578385,29.23,60790.0,0.86,1.0001381806218128
Guam,2014,0.0008474023857636399,25.45,52930.0,0.42,1.0001133572643113
Puerto Rico,2014,0.057036699041783455,16.22,33740.0,0.99,0.9999288678126851
Virgin Islands,2014,0.0002933315950720292,22.35,46490.0,0.43,0.999956979995698
Alabama,2000,0.10103643830258784,20.09,41790.0,1.01,0.9999329983249582
Alaska,2000,0.014275470960172088,25.08,52170.0,1.01,0.9999309948246118
Arizona,2000,0.09269278404276123,22.63,47070.0,1.01,1.0000084979817292
Arkansas,2000,0.056612997848901635,18.64,38770.0,1.01,1.00003095176683
California,2000,0.6621145948764748,26.99,56140.0,1.01,0.9999857499109368
Colorado,2000,0.09797275275405776,21.9,45550.0,1.01,1.0000439077936334
Connecticut,2000,0.09979792712339483,24.65,51270.0,1.01,1.0000390091671543
Delaware,2000,0.02072876605175673,24.86,51710.0,1.01,0.9999767936569328
District Of Columbia,2000,0.02780131673293788,24.36,50670.0,1.01,0.9999763173475429
Florida,2000,0.48504008865132653,21.04,43770.0,1.01,0.999844642449166
Georgia,2000,0.1601264585098755,21.38,44460.0,1.01,1.000233918128655
Hawaii,2000,0.024444299589335767,26.46,55040.0,1.01,0.9999418604651164
Idaho,2000,0.03073463268365817,21.0,43680.0,1.01,1.0
Illinois,2000,0.33596245355583076,21.79,45320.0,1.01,1.0000706090026477
Indiana,2000,0.1553353757903657,19.95,41490.0,1.01,1.0001446131597975
Iowa,2000,0.08415357538621994,17.98,37410.0,1.01,0.9996899224806202
Kansas,2000,0.06876996284466462,18.59,38670.0,1.01,0.9999275924489268
Kentucky,2000,0.11048823414379767,19.58,40720.0,1.01,1.0001571709233792
Louisiana,2000,0.11114008213284662,20.62,42890.0,1.01,0.9999906738167406
Maine,2000,0.03647089498728896,20.31,42240.0,1.01,1.0001136363636363
Maryland,2000,0.14135323642526562,26.74,55610.0,1.01,1.0001654378708864
Massachusetts,2000,0.24845186102600875,24.02,49970.0,1.01,0.9998318991394838
Michigan,2000,0.2542533081285444,22.78,47380.0,1.01,1.0000506542845082
Minnesota,2000,0.15119614105990484,23.69,49270.0,1.01,1.0001055408970976
Mississippi,2000,0.07082328401016882,19.62,40810.0,1.01,0.9999901984807646
Missouri,2000,0.1594420181213741,20.07,41740.0,1.01,1.000134163871586
Montana,2000,0.023629489603024575,18.14,37740.0,1.01,0.9997668256491786
Nebraska,2000,0.05025747995567434,18.63,38750.0,1.01,1.0000103225806452
Nevada,2000,0.03607978619385959,24.62,51200.0,1.01,1.0001875
New Hampshire,2000,0.03627534059057428,20.31,42240.0,1.01,1.0001136363636363
New Jersey,2000,0.23590378723681638,24.5,50950.0,1.01,1.0001962708537782
New Mexico,2000,0.03311387784368685,20.73,43110.0,1.01,1.0001948503827418
New York,2000,0.5196206244703735,24.36,50660.0,1.01,1.0001737070667194
North Carolina,2000,0.19783586467635747,20.79,43250.0,1.01,0.999842774566474
North Dakota,2000,0.020565804054494492,19.6,40760.0,1.01,1.0001962708537782
Ohio,2000,0.3269017665080503,20.81,43280.0,1.01,1.0001109057301294
Oklahoma,2000,0.07157290919757513,19.36,40260.0,1.01,1.0002185792349727
Oregon,2000,0.07802620428915977,23.66,49210.0,1.01,1.0000568990042673
Pennsylvania,2000,0.36008082915064205,21.12,43940.0,1.01,0.9997633136094675
Rhode Island,2000,0.035493123003715536,22.88,47590.0,1.01,1.0000084051271274
South Carolina,2000,0.08500097777198358,21.71,45150.0,1.01,1.0001506090808416
South Dakota,2000,0.025747995567433676,18.38,38230.0,1.01,1.0000104629871827
Tennessee,2000,0.164167916041979,21.31,44330.0,1.01,0.999882697947214
Texas,2000,0.4323055863372661,20.97,43620.0,1.01,0.9999449793672627
Utah,2000,0.04403233166025683,21.0,43680.0,1.01,1.0
Vermont,2000,0.014862134150316146,20.43,42490.0,1.01,1.0001035537773593
Virginia,2000,0.1496642982856398,20.85,43370.0,1.01,0.9999538851740835
Washington,2000,0.13734437129261456,24.22,50380.0,1.01,0.9999523620484319
West Virginia,2000,0.05107228994198553,18.8,39090.0,1.01,1.0003581478639039
Wisconsin,2000,0.15546574538817548,21.61,44960.0,1.01,0.9997508896797153
Wyoming,2000,0.010657714620950394,17.93,37290.0,1.01,1.000117994100295
Puerto Rico,2000,0.044586402450948436,10.03,20870.0,1.01,0.9996358409199807
Virgin Islands,2000,0.00022814679616713383,17.87,37180.0,1.01,0.9997202797202798
Alabama,1999,0.10084088390587315,18.65,38790.0,1.01,1.00005155968033
Alaska,1999,0.012873997783716838,23.29,48440.0,1.01,1.0000660611065235
Arizona,1999,0.10374160745714099,20.84,43340.0,1.01,1.0001661282879557
Arkansas,1999,0.06150185776676879,18.4,38280.0,1.01,0.999791013584117
California,1999,0.729906785737566,26.0,54070.0,1.01,1.000184945441095
Colorado,1999,0.09624535558307802,21.01,43700.0,1.01,1.0000183066361557
Connecticut,1999,0.09983051952284727,23.79,49480.0,1.01,1.0000646725949878
Delaware,1999,0.02102209764682876,20.88,43430.0,1.01,1.0000092102233478
District Of Columbia,1999,0.03868717815005541,22.82,47460.0,1.01,1.000117994100295
Florida,1999,0.3782673880451079,20.36,42350.0,1.01,0.9999716646989374
Georgia,1999,0.16537383482171958,19.56,40670.0,1.01,1.0003639045979837
Hawaii,1999,0.026758359950459554,27.37,56930.0,1.01,0.9999929738275075
Idaho,1999,0.03158203506942181,19.43,40410.0,1.01,1.0001088839396188
Illinois,1999,0.3479238641548791,20.15,41910.0,1.01,1.0000477213075638
Indiana,1999,0.16146274688742585,18.98,39480.0,1.01,0.9999594731509626
Iowa,1999,0.08676096734241574,16.76,34860.0,1.01,1.0000229489386117
Kansas,1999,0.06723812007039959,18.44,38360.0,1.01,0.9998748696558916
Kentucky,1999,0.11198748451861026,19.32,40180.0,1.01,1.0001393728222996
Louisiana,1999,0.12127631836255785,20.27,42150.0,1.01,1.0002752075919337
Maine,1999,0.03976272733198618,19.46,40480.0,1.01,0.999920948616601
Maryland,1999,0.1488494882993286,23.54,48960.0,1.01,1.000065359477124
Massachusetts,1999,0.2507659213871325,23.66,49200.0,1.01,1.000260162601626
Michigan,1999,0.26712730591226125,21.88,45500.0,1.01,1.0002285714285715
Minnesota,1999,0.14438432957434327,23.39,48650.0,1.01,1.0000246659815006
Mississippi,1999,0.072583273580601,19.2,39940.0,1.01,0.999899849774662
Missouri,1999,0.1727723094974252,18.92,39360.0,1.01,0.9998373983739838
Montana,1999,0.02551984877126654,17.61,36640.0,1.01,0.9996943231441047
Nebraska,1999,0.048693044781956844,18.07,37590.0,1.01,0.9998829475924449
Nevada,1999,0.031190926275992438,23.05,47930.0,1.01,1.0002920926350929
New Hampshire,1999,0.038296069356626036,18.89,39290.0,1.01,1.0000305421226776
New Jersey,1999,0.2489733394172479,24.46,50880.0,1.01,0.9999371069182391
New Mexico,1999,0.024509484388240663,19.34,40220.0,1.01,1.0001790154152164
New York,1999,0.5221954240271168,24.27,50470.0,1.01,1.0002298395086189
North Carolina,1999,0.18414705690632943,19.57,40700.0,1.01,1.0001375921375921
North Dakota,1999,0.020468026856137148,18.07,37580.0,1.01,1.0001490154337414
Ohio,1999,0.35506159963496514,19.69,40950.0,1.01,1.0001269841269842
Oklahoma,1999,0.06873737044521218,18.76,39020.0,1.01,1.0000205023065096
Oregon,1999,0.07157290919757513,22.45,46690.0,1.01,1.000128507174984
Pennsylvania,1999,0.3598852747539274,20.92,43510.0,1.01,1.000082739600092
Rhode Island,1999,0.036014601394954694,23.1,48040.0,1.01,1.0001665278934222
South Carolina,1999,0.07871064467766117,20.41,42460.0,1.01,0.9998304286387187
South Dakota,1999,0.025291701975099407,17.89,37210.0,1.01,1.000032249395324
Tennessee,1999,0.16240792647154684,18.78,39060.0,1.01,1.0000614439324118
Texas,1999,0.45124177041913827,20.49,42620.0,1.01,0.9999812294697323
Utah,1999,0.046053060426308585,20.41,42460.0,1.01,0.9998304286387187
Vermont,1999,0.013721400169480476,19.81,41200.0,1.01,1.000116504854369
Virginia,1999,0.1472850531256111,19.86,41310.0,1.01,0.9999709513435003
Washington,1999,0.11381265888794732,23.43,48740.0,1.01,0.9998851046368487
West Virginia,1999,0.05514633987354149,17.92,37270.0,1.01,1.000096592433593
Wisconsin,1999,0.14920800469330553,19.74,41060.0,1.01,0.9999805163175839
Wyoming,1999,0.010494752623688156,17.06,35480.0,1.01,1.0001352874859075
Guam,1999,0.00035851639397692456,18.49,38470.0,1.01,0.9997192617624122
Puerto Rico,1999,0.037024965777980576,9.35,19450.0,1.01,0.9998971722365039
Alabama,1998,0.0909002020728766,18.16,37770.0,1.01,1.0000741329097167
Alaska,1998,0.011635486604523826,23.35,48560.0,1.01,1.000164744645799
Arizona,1998,0.09288833843947591,19.84,41270.0,1.01,0.9999321541070996
Arkansas,1998,0.06120852617169676,17.94,37320.0,1.01,0.999871382636656
California,1998,0.5604914933837429,24.91,51810.0,1.01,1.0000540436209227
Colorado,1998,0.08858614171175282,20.36,42340.0,1.01,1.000207841284837
Connecticut,1998,0.0952675835995046,23.17,48180.0,1.01,1.0002822748028228
Delaware,1998,0.019392477674206376,20.25,42110.0,1.01,1.0002374732842556
District Of Columbia,1998,0.030832409882015514,22.87,47570.0,1.01,0.9999915913390793
Florida,1998,0.38022293201225477,20.01,41630.0,1.01,0.999779005524862
Georgia,1998,0.16426569324033635,18.94,39390.0,1.01,1.0001320132013203
Hawaii,1998,0.027116876344436477,27.11,56390.0,1.01,0.9999787196311403
Idaho,1998,0.02343393520630989,18.89,39300.0,1.01,0.9997760814249363
Illinois,1998,0.31960106903070207,18.98,39480.0,1.01,0.9999594731509626
Indiana,1998,0.15073984746757058,18.3,38060.0,1.01,1.000105097214924
Iowa,1998,0.08004693305521153,16.04,33370.0,1.01,0.9997962241534313
Kansas,1998,0.0733328987680073,17.99,37420.0,1.01,0.9999786210582574
Kentucky,1998,0.10116680790039763,18.53,38530.0,1.01,1.0003218271476773
Louisiana,1998,0.10410012385111791,20.19,42000.0,1.01,0.9998857142857143
Maine,1998,0.03709015057688547,18.59,38670.0,1.01,0.9999275924489268
Maryland,1998,0.13216217977967537,21.11,43920.0,1.01,0.9997449908925318
Massachusetts,1998,0.23404602046802686,23.64,49170.0,1.01,1.0000244051250764
Michigan,1998,0.22739717097972753,21.1,43880.0,1.01,1.0001823154056517
Minnesota,1998,0.12613258588097256,22.53,46870.0,1.01,0.9998378493705996
Mississippi,1998,0.06534776090215762,18.92,39360.0,1.01,0.9998373983739838
Missouri,1998,0.15755165895313214,18.41,38300.0,1.01,0.9998120104438641
Montana,1998,0.021543576038067922,16.78,34900.0,1.01,1.0000687679083096
Nebraska,1998,0.05045303435238902,17.6,36610.0,1.01,0.9999453701174542
Nevada,1998,0.029919822697346977,22.58,46970.0,1.01,0.9999233553331913
New Hampshire,1998,0.03343980183821133,18.2,37850.0,1.01,1.0001585204755614
New Jersey,1998,0.22022684310018903,23.71,49310.0,1.01,1.0001379030622592
New Mexico,1998,0.033407209438758884,19.08,39690.0,1.01,0.999909297052154
New York,1998,0.4905807965582426,23.88,49660.0,1.01,1.0002094240837696
North Carolina,1998,0.1944462551333029,20.02,41650.0,1.01,0.9997983193277311
North Dakota,1998,0.02020728766051757,17.98,37400.0,1.01,0.999957219251337
Ohio,1998,0.3257284401277622,19.05,39630.0,1.01,0.9998485995457986
Oklahoma,1998,0.0746365947461052,17.67,36760.0,1.01,0.9998258977149076
Oregon,1998,0.06762922886382895,20.94,43560.0,1.01,0.9998898071625344
Pennsylvania,1998,0.3371357799361189,20.27,42170.0,1.01,0.9998008062603747
Rhode Island,1998,0.03106055667818265,22.63,47080.0,1.01,0.9997960917587086
South Carolina,1998,0.08646763574734372,18.69,38870.0,1.01,1.0001337792642142
South Dakota,1998,0.024053190795906395,17.02,35400.0,1.01,1.000045197740113
Tennessee,1998,0.1386806596701649,18.44,38360.0,1.01,0.9998748696558916
Texas,1998,0.4068509223649045,19.88,41360.0,1.01,0.9997678916827853
Utah,1998,0.04184864089694283,20.2,42020.0,1.01,0.9999048072346501
Vermont,1998,0.01593768333224692,18.84,39190.0,1.01,0.9999285532023475
Virginia,1998,0.14842578710644677,19.37,40280.0,1.01,1.0002383316782522
Washington,1998,0.128348869043739,22.74,47310.0,1.01,0.9997717184527584
West Virginia,1998,0.047584903200573625,17.72,36870.0,1.01,0.9996636832112827
Wisconsin,1998,0.13486734893422853,18.92,39350.0,1.01,1.0000914866581958
Wyoming,1998,0.010690307020402842,16.74,34820.0,1.01,0.999977024698449
Puerto Rico,1998,0.04963822436607783,9.23,19190.0,1.01,1.0004377279833248
